,id,name,symbol,slug,num_market_pairs,date_added,tags,max_supply,circulating_supply,total_supply,infinite_supply,platform,cmc_rank,self_reported_circulating_supply,self_reported_market_cap,tvl_ratio,last_updated,quote.USD.price,quote.USD.volume_24h,quote.USD.volume_change_24h,quote.USD.percent_change_1h,quote.USD.percent_change_24h,quote.USD.percent_change_7d,quote.USD.percent_change_30d,quote.USD.percent_change_60d,quote.USD.percent_change_90d,quote.USD.market_cap,quote.USD.market_cap_dominance,quote.USD.fully_diluted_market_cap,quote.USD.tvl,quote.USD.last_updated,platform.id,platform.name,platform.symbol,platform.slug,platform.token_address,timestamp
0,1,Bitcoin,BTC,bitcoin,10395,2010-07-13T00:00:00.000Z,"['mineable', 'pow', 'sha-256', 'store-of-value', 'state-channel', 'coinbase-ventures-portfolio', 'three-arrows-capital-portfolio', 'polychain-capital-portfolio', 'binance-labs-portfolio', 'blockchain-capital-portfolio', 'boostvc-portfolio', 'cms-holdings-portfolio', 'dcg-portfolio', 'dragonfly-capital-portfolio', 'electric-capital-portfolio', 'fabric-ventures-portfolio', 'framework-ventures-portfolio', 'galaxy-digital-portfolio', 'huobi-capital-portfolio', 'alameda-research-portfolio', 'a16z-portfolio', '1confirmation-portfolio', 'winklevoss-capital-portfolio', 'usv-portfolio', 'placeholder-ventures-portfolio', 'pantera-capital-portfolio', 'multicoin-capital-portfolio', 'paradigm-portfolio', 'bitcoin-ecosystem']",21000000.0,19466518.0,19466518.0,False,,1,,,,2023-08-24T11:15:00.000Z,26492.25059962674,16264519564.640974,1.8041,0.24022644,2.17778535,-6.94660793,-9.14689826,-13.57106883,0.17112363,515711873158.1447,48.4439,556337262592.16,,2023-08-24T11:15:00.000Z,,,,,,2023-08-24 13:16:29.115559
1,1027,Ethereum,ETH,ethereum,7240,2015-08-07T00:00:00.000Z,"['pos', 'smart-contracts', 'ethereum-ecosystem', 'coinbase-ventures-portfolio', 'three-arrows-capital-portfolio', 'polychain-capital-portfolio', 'binance-labs-portfolio', 'blockchain-capital-portfolio', 'boostvc-portfolio', 'cms-holdings-portfolio', 'dcg-portfolio', 'dragonfly-capital-portfolio', 'electric-capital-portfolio', 'fabric-ventures-portfolio', 'framework-ventures-portfolio', 'hashkey-capital-portfolio', 'kenetic-capital-portfolio', 'huobi-capital-portfolio', 'alameda-research-portfolio', 'a16z-portfolio', '1confirmation-portfolio', 'winklevoss-capital-portfolio', 'usv-portfolio', 'placeholder-ventures-portfolio', 'pantera-capital-portfolio', 'multicoin-capital-portfolio', 'paradigm-portfolio', 'injective-ecosystem', 'layer-1']",,120214161.66680141,120214161.66680141,True,,2,,,,2023-08-24T11:15:00.000Z,1671.6592676415862,6388111459.812722,-21.798,0.26046088,1.8575493,-6.27578918,-9.83616076,-12.80291263,-7.84555668,200957117452.07248,18.8783,200957117452.07,,2023-08-24T11:15:00.000Z,,,,,,2023-08-24 13:16:29.115559
2,825,Tether USDt,USDT,tether,59940,2015-02-25T00:00:00.000Z,"['payments', 'stablecoin', 'asset-backed-stablecoin', 'avalanche-ecosystem', 'solana-ecosystem', 'arbitrum-ecosytem', 'moonriver-ecosystem', 'injective-ecosystem', 'bnb-chain', 'usd-stablecoin', 'optimism-ecosystem']",,82845776808.28703,85484257711.71176,True,,3,,,,2023-08-24T11:15:00.000Z,0.9997134728470414,23782636971.247654,-8.3967,0.00671001,0.01435191,0.09816087,-0.03243778,-0.07481541,-0.04043215,82822039243.72351,7.7785,85459764150.73,,2023-08-24T11:15:00.000Z,1027.0,Ethereum,ETH,ethereum,0xdac17f958d2ee523a2206206994597c13d831ec7,2023-08-24 13:16:29.115559
3,1839,BNB,BNB,bnb,1575,2017-07-25T00:00:00.000Z,"['marketplace', 'centralized-exchange', 'payments', 'smart-contracts', 'alameda-research-portfolio', 'multicoin-capital-portfolio', 'bnb-chain', 'layer-1', 'sec-security-token', 'alleged-sec-securities', 'celsius-bankruptcy-estate']",,153837097.73642442,153837097.73642442,False,,4,,,,2023-08-24T11:15:00.000Z,220.14330409076007,477309997.47197646,-33.4543,0.31861426,2.56967151,-4.39759954,-7.41796838,-8.08222415,-28.16107551,33866206987.429657,3.1815,33866206987.43,,2023-08-24T11:15:00.000Z,,,,,,2023-08-24 13:16:29.115559
4,52,XRP,XRP,xrp,1035,2013-08-04T00:00:00.000Z,"['medium-of-exchange', 'enterprise-solutions', 'arrington-xrp-capital-portfolio', 'galaxy-digital-portfolio', 'a16z-portfolio', 'pantera-capital-portfolio']",100000000000.0,52914193551.0,99988485729.0,False,,5,,,,2023-08-24T11:15:00.000Z,0.5248707778299976,979630401.7818877,-16.2274,0.26974576,1.14520125,-10.14393241,-23.83596923,6.57571295,12.98318889,27773113927.360413,2.6084,52487077783.0,,2023-08-24T11:15:00.000Z,,,,,,2023-08-24 13:16:29.115559
5,3408,USD Coin,USDC,usd-coin,13707,2018-10-08T00:00:00.000Z,"['medium-of-exchange', 'stablecoin', 'asset-backed-stablecoin', 'hedera-hashgraph-ecosystem', 'fantom-ecosystem', 'arbitrum-ecosytem', 'moonriver-ecosystem', 'bnb-chain', 'usd-stablecoin', 'optimism-ecosystem']",,25982215049.947166,25982215049.947166,False,,6,,,,2023-08-24T11:15:00.000Z,0.9999806400693156,3582431276.900471,-9.9118,0.00470742,0.00394625,-0.00459102,-0.02209218,-0.00991843,-0.0016988,25981712036.064774,2.4408,25981712036.06,,2023-08-24T11:15:00.000Z,1027.0,Ethereum,ETH,ethereum,0xa0b86991c6218b36c1d19d4a2e9eb0ce3606eb48,2023-08-24 13:16:29.115559
6,2010,Cardano,ADA,cardano,893,2017-10-01T00:00:00.000Z,"['dpos', 'pos', 'platform', 'research', 'smart-contracts', 'staking', 'cardano-ecosystem', 'cardano', 'layer-1', 'sec-security-token', 'alleged-sec-securities']",45000000000.0,35058135629.451,36107356400.571,False,,7,,,,2023-08-24T11:15:00.000Z,0.26716669770255125,189090428.78230402,-11.8321,0.15359843,2.85856757,-2.94404025,-12.2346118,-10.01983435,-25.22033223,9366366323.728575,0.8799,12022501396.61,,2023-08-24T11:15:00.000Z,,,,,,2023-08-24 13:16:29.115559
7,74,Dogecoin,DOGE,dogecoin,770,2013-12-15T00:00:00.000Z,"['mineable', 'pow', 'scrypt', 'medium-of-exchange', 'memes', 'payments', 'doggone-doggerel', 'bnb-chain']",,140719576383.70523,140719576383.70523,True,,8,,,,2023-08-24T11:15:00.000Z,0.06360564600464211,232472664.66020465,-27.3207,0.232314,0.42905915,-5.13540897,-18.47793113,-5.78183513,-10.16373142,8950559561.38515,0.8408,8950559561.39,,2023-08-24T11:15:00.000Z,,,,,,2023-08-24 13:16:29.115559
8,5426,Solana,SOL,solana,499,2020-04-10T00:00:00.000Z,"['pos', 'platform', 'solana-ecosystem', 'cms-holdings-portfolio', 'kenetic-capital-portfolio', 'alameda-research-portfolio', 'multicoin-capital-portfolio', 'okex-blockdream-ventures-portfolio', 'layer-1', 'ftx-bankruptcy-estate', 'sec-security-token', 'alleged-sec-securities']",,407771011.2393265,555640955.9542782,True,,9,,,,2023-08-24T11:15:00.000Z,21.780217631468027,398042663.2854534,-4.3503,0.56538231,5.25901631,-5.38825845,-6.04254112,27.18486244,12.9196147,8881341368.596325,0.8343,12101980945.64,,2023-08-24T11:15:00.000Z,,,,,,2023-08-24 13:16:29.115559
9,1958,TRON,TRX,tron,809,2017-09-13T00:00:00.000Z,"['media', 'payments', 'tron-ecosystem', 'sec-security-token', 'alleged-sec-securities']",,89389997306.17975,89390061696.86615,True,,10,71659659264.0,5563607892.502268,,2023-08-24T11:15:00.000Z,0.07763932943087944,183174572.52550384,3.9202,0.14676583,1.67768348,3.75668632,-3.84625742,5.66206251,2.0804311,6940179448.679914,0.6519,6940184447.93,,2023-08-24T11:15:00.000Z,,,,,,2023-08-24 13:16:29.115559
10,6636,Polkadot,DOT,polkadot-new,554,2020-08-19T00:00:00.000Z,"['substrate', 'polkadot', 'binance-chain', 'polkadot-ecosystem', 'three-arrows-capital-portfolio', 'polychain-capital-portfolio', 'arrington-xrp-capital-portfolio', 'blockchain-capital-portfolio', 'boostvc-portfolio', 'cms-holdings-portfolio', 'coinfund-portfolio', 'fabric-ventures-portfolio', 'fenbushi-capital-portfolio', 'hashkey-capital-portfolio', 'kenetic-capital-portfolio', '1confirmation-portfolio', 'placeholder-ventures-portfolio', 'pantera-capital-portfolio', 'exnetwork-capital-portfolio', 'web3', 'spartan-group', 'injective-ecosystem', 'bnb-chain', 'layer-1']",,1216003382.1753688,1348262739.4805486,True,,11,,,,2023-08-24T11:15:00.000Z,4.481409304666766,99388843.73387676,-5.7294,0.12698663,1.57566054,-6.11027578,-13.63741427,-13.43207345,-14.33595484,5449408871.386955,0.5119,6042117185.84,,2023-08-24T11:15:00.000Z,,,,,,2023-08-24 13:16:29.115559
11,4943,Dai,DAI,multi-collateral-dai,2521,2019-11-22T00:00:00.000Z,"['defi', 'stablecoin', 'asset-backed-stablecoin', 'ethereum-ecosystem', 'avalanche-ecosystem', 'polygon-ecosystem', 'fantom-ecosystem', 'arbitrum-ecosytem', 'harmony-ecosystem', 'moonriver-ecosystem', 'bnb-chain', 'usd-stablecoin', 'optimism-ecosystem']",,5347888595.7464075,5347888595.7464075,True,,12,,,,2023-08-24T11:15:00.000Z,0.999460177474264,119876109.07726128,-9.655,0.05069068,0.01462738,0.0861389,-0.02313999,-0.0154668,-0.01968041,5345001685.017297,0.5021,5345001685.02,,2023-08-24T11:15:00.000Z,1027.0,Ethereum,ETH,ethereum,0x6b175474e89094c44da98b954eedeac495271d0f,2023-08-24 13:16:29.115559
12,3890,Polygon,MATIC,polygon,814,2019-04-28T00:00:00.000Z,"['pos', 'platform', 'enterprise-solutions', 'zero-knowledge-proofs', 'scaling', 'state-channel', 'coinbase-ventures-portfolio', 'layer-2', 'binance-launchpad', 'binance-labs-portfolio', 'polygon-ecosystem', 'moonriver-ecosystem', 'injective-ecosystem', 'sec-security-token', 'alleged-sec-securities']",10000000000.0,9319469069.28493,10000000000.0,False,,13,,,,2023-08-24T11:15:00.000Z,0.5559792403143382,273288640.80288786,-18.2486,0.24040668,0.8173407,-9.02863786,-22.95762844,-16.91794452,-38.03368288,5181431333.274008,0.4868,5559792403.14,,2023-08-24T11:15:00.000Z,,,,,,2023-08-24 13:16:29.115559
13,5994,Shiba Inu,SHIB,shiba-inu,610,2020-08-01T00:00:00.000Z,"['memes', 'ethereum-ecosystem', 'doggone-doggerel']",,589346914631298.1,589589040239379.6,False,,14,,,,2023-08-24T11:15:00.000Z,8.311418752444313e-06,170756839.40057844,-17.4303,0.52835427,0.61654162,-6.83387906,6.56209281,4.81582494,-2.04947051,4898308997.961769,0.4602,4900321405.28,,2023-08-24T11:15:00.000Z,1027.0,Ethereum,ETH,ethereum,0x95ad61b0a150d79219dcf64e1e6cc01f0b64c4ce,2023-08-24 13:16:29.115559
14,11419,Toncoin,TON,toncoin,128,2021-08-26T13:40:22.000Z,"['pos', 'toncoin-ecosystem']",,3431892087.62,5047558528.0,True,,15,3414166606.0,4869484784.822817,,2023-08-24T11:15:00.000Z,1.4262586882155266,29162220.29614619,-3.9455,-0.08624965,2.62215078,1.06519871,1.76534027,-3.45152254,-24.77122968,4894765906.986146,0.4598,7199124204.84,,2023-08-24T11:15:00.000Z,,,,,,2023-08-24 13:16:29.115559
0,1,Bitcoin,BTC,bitcoin,10395,2010-07-13T00:00:00.000Z,"['mineable', 'pow', 'sha-256', 'store-of-value', 'state-channel', 'coinbase-ventures-portfolio', 'three-arrows-capital-portfolio', 'polychain-capital-portfolio', 'binance-labs-portfolio', 'blockchain-capital-portfolio', 'boostvc-portfolio', 'cms-holdings-portfolio', 'dcg-portfolio', 'dragonfly-capital-portfolio', 'electric-capital-portfolio', 'fabric-ventures-portfolio', 'framework-ventures-portfolio', 'galaxy-digital-portfolio', 'huobi-capital-portfolio', 'alameda-research-portfolio', 'a16z-portfolio', '1confirmation-portfolio', 'winklevoss-capital-portfolio', 'usv-portfolio', 'placeholder-ventures-portfolio', 'pantera-capital-portfolio', 'multicoin-capital-portfolio', 'paradigm-portfolio', 'bitcoin-ecosystem']",21000000.0,19466518.0,19466518.0,False,,1,,,,2023-08-24T11:15:00.000Z,26492.25059962674,16264519564.640974,1.8041,0.24022644,2.17778535,-6.94660793,-9.14689826,-13.57106883,0.17112363,515711873158.1447,48.4439,556337262592.16,,2023-08-24T11:15:00.000Z,,,,,,2023-08-24 13:16:29.115559
1,1027,Ethereum,ETH,ethereum,7240,2015-08-07T00:00:00.000Z,"['pos', 'smart-contracts', 'ethereum-ecosystem', 'coinbase-ventures-portfolio', 'three-arrows-capital-portfolio', 'polychain-capital-portfolio', 'binance-labs-portfolio', 'blockchain-capital-portfolio', 'boostvc-portfolio', 'cms-holdings-portfolio', 'dcg-portfolio', 'dragonfly-capital-portfolio', 'electric-capital-portfolio', 'fabric-ventures-portfolio', 'framework-ventures-portfolio', 'hashkey-capital-portfolio', 'kenetic-capital-portfolio', 'huobi-capital-portfolio', 'alameda-research-portfolio', 'a16z-portfolio', '1confirmation-portfolio', 'winklevoss-capital-portfolio', 'usv-portfolio', 'placeholder-ventures-portfolio', 'pantera-capital-portfolio', 'multicoin-capital-portfolio', 'paradigm-portfolio', 'injective-ecosystem', 'layer-1']",,120214161.66680141,120214161.66680141,True,,2,,,,2023-08-24T11:15:00.000Z,1671.6592676415862,6388111459.812722,-21.798,0.26046088,1.8575493,-6.27578918,-9.83616076,-12.80291263,-7.84555668,200957117452.07248,18.8783,200957117452.07,,2023-08-24T11:15:00.000Z,,,,,,2023-08-24 13:16:29.115559
2,825,Tether USDt,USDT,tether,59940,2015-02-25T00:00:00.000Z,"['payments', 'stablecoin', 'asset-backed-stablecoin', 'avalanche-ecosystem', 'solana-ecosystem', 'arbitrum-ecosytem', 'moonriver-ecosystem', 'injective-ecosystem', 'bnb-chain', 'usd-stablecoin', 'optimism-ecosystem']",,82845776808.28703,85484257711.71176,True,,3,,,,2023-08-24T11:15:00.000Z,0.9997134728470414,23782636971.247654,-8.3967,0.00671001,0.01435191,0.09816087,-0.03243778,-0.07481541,-0.04043215,82822039243.72351,7.7785,85459764150.73,,2023-08-24T11:15:00.000Z,1027.0,Ethereum,ETH,ethereum,0xdac17f958d2ee523a2206206994597c13d831ec7,2023-08-24 13:16:29.115559
3,1839,BNB,BNB,bnb,1575,2017-07-25T00:00:00.000Z,"['marketplace', 'centralized-exchange', 'payments', 'smart-contracts', 'alameda-research-portfolio', 'multicoin-capital-portfolio', 'bnb-chain', 'layer-1', 'sec-security-token', 'alleged-sec-securities', 'celsius-bankruptcy-estate']",,153837097.73642442,153837097.73642442,False,,4,,,,2023-08-24T11:15:00.000Z,220.14330409076007,477309997.47197646,-33.4543,0.31861426,2.56967151,-4.39759954,-7.41796838,-8.08222415,-28.16107551,33866206987.429657,3.1815,33866206987.43,,2023-08-24T11:15:00.000Z,,,,,,2023-08-24 13:16:29.115559
4,52,XRP,XRP,xrp,1035,2013-08-04T00:00:00.000Z,"['medium-of-exchange', 'enterprise-solutions', 'arrington-xrp-capital-portfolio', 'galaxy-digital-portfolio', 'a16z-portfolio', 'pantera-capital-portfolio']",100000000000.0,52914193551.0,99988485729.0,False,,5,,,,2023-08-24T11:15:00.000Z,0.5248707778299976,979630401.7818877,-16.2274,0.26974576,1.14520125,-10.14393241,-23.83596923,6.57571295,12.98318889,27773113927.360413,2.6084,52487077783.0,,2023-08-24T11:15:00.000Z,,,,,,2023-08-24 13:16:29.115559
5,3408,USD Coin,USDC,usd-coin,13707,2018-10-08T00:00:00.000Z,"['medium-of-exchange', 'stablecoin', 'asset-backed-stablecoin', 'hedera-hashgraph-ecosystem', 'fantom-ecosystem', 'arbitrum-ecosytem', 'moonriver-ecosystem', 'bnb-chain', 'usd-stablecoin', 'optimism-ecosystem']",,25982215049.947166,25982215049.947166,False,,6,,,,2023-08-24T11:15:00.000Z,0.9999806400693156,3582431276.900471,-9.9118,0.00470742,0.00394625,-0.00459102,-0.02209218,-0.00991843,-0.0016988,25981712036.064774,2.4408,25981712036.06,,2023-08-24T11:15:00.000Z,1027.0,Ethereum,ETH,ethereum,0xa0b86991c6218b36c1d19d4a2e9eb0ce3606eb48,2023-08-24 13:16:29.115559
6,2010,Cardano,ADA,cardano,893,2017-10-01T00:00:00.000Z,"['dpos', 'pos', 'platform', 'research', 'smart-contracts', 'staking', 'cardano-ecosystem', 'cardano', 'layer-1', 'sec-security-token', 'alleged-sec-securities']",45000000000.0,35058135629.451,36107356400.571,False,,7,,,,2023-08-24T11:15:00.000Z,0.26716669770255125,189090428.78230402,-11.8321,0.15359843,2.85856757,-2.94404025,-12.2346118,-10.01983435,-25.22033223,9366366323.728575,0.8799,12022501396.61,,2023-08-24T11:15:00.000Z,,,,,,2023-08-24 13:16:29.115559
7,74,Dogecoin,DOGE,dogecoin,770,2013-12-15T00:00:00.000Z,"['mineable', 'pow', 'scrypt', 'medium-of-exchange', 'memes', 'payments', 'doggone-doggerel', 'bnb-chain']",,140719576383.70523,140719576383.70523,True,,8,,,,2023-08-24T11:15:00.000Z,0.06360564600464211,232472664.66020465,-27.3207,0.232314,0.42905915,-5.13540897,-18.47793113,-5.78183513,-10.16373142,8950559561.38515,0.8408,8950559561.39,,2023-08-24T11:15:00.000Z,,,,,,2023-08-24 13:16:29.115559
8,5426,Solana,SOL,solana,499,2020-04-10T00:00:00.000Z,"['pos', 'platform', 'solana-ecosystem', 'cms-holdings-portfolio', 'kenetic-capital-portfolio', 'alameda-research-portfolio', 'multicoin-capital-portfolio', 'okex-blockdream-ventures-portfolio', 'layer-1', 'ftx-bankruptcy-estate', 'sec-security-token', 'alleged-sec-securities']",,407771011.2393265,555640955.9542782,True,,9,,,,2023-08-24T11:15:00.000Z,21.780217631468027,398042663.2854534,-4.3503,0.56538231,5.25901631,-5.38825845,-6.04254112,27.18486244,12.9196147,8881341368.596325,0.8343,12101980945.64,,2023-08-24T11:15:00.000Z,,,,,,2023-08-24 13:16:29.115559
9,1958,TRON,TRX,tron,809,2017-09-13T00:00:00.000Z,"['media', 'payments', 'tron-ecosystem', 'sec-security-token', 'alleged-sec-securities']",,89389997306.17975,89390061696.86615,True,,10,71659659264.0,5563607892.502268,,2023-08-24T11:15:00.000Z,0.07763932943087944,183174572.52550384,3.9202,0.14676583,1.67768348,3.75668632,-3.84625742,5.66206251,2.0804311,6940179448.679914,0.6519,6940184447.93,,2023-08-24T11:15:00.000Z,,,,,,2023-08-24 13:16:29.115559
10,6636,Polkadot,DOT,polkadot-new,554,2020-08-19T00:00:00.000Z,"['substrate', 'polkadot', 'binance-chain', 'polkadot-ecosystem', 'three-arrows-capital-portfolio', 'polychain-capital-portfolio', 'arrington-xrp-capital-portfolio', 'blockchain-capital-portfolio', 'boostvc-portfolio', 'cms-holdings-portfolio', 'coinfund-portfolio', 'fabric-ventures-portfolio', 'fenbushi-capital-portfolio', 'hashkey-capital-portfolio', 'kenetic-capital-portfolio', '1confirmation-portfolio', 'placeholder-ventures-portfolio', 'pantera-capital-portfolio', 'exnetwork-capital-portfolio', 'web3', 'spartan-group', 'injective-ecosystem', 'bnb-chain', 'layer-1']",,1216003382.1753688,1348262739.4805486,True,,11,,,,2023-08-24T11:15:00.000Z,4.481409304666766,99388843.73387676,-5.7294,0.12698663,1.57566054,-6.11027578,-13.63741427,-13.43207345,-14.33595484,5449408871.386955,0.5119,6042117185.84,,2023-08-24T11:15:00.000Z,,,,,,2023-08-24 13:16:29.115559
11,4943,Dai,DAI,multi-collateral-dai,2521,2019-11-22T00:00:00.000Z,"['defi', 'stablecoin', 'asset-backed-stablecoin', 'ethereum-ecosystem', 'avalanche-ecosystem', 'polygon-ecosystem', 'fantom-ecosystem', 'arbitrum-ecosytem', 'harmony-ecosystem', 'moonriver-ecosystem', 'bnb-chain', 'usd-stablecoin', 'optimism-ecosystem']",,5347888595.7464075,5347888595.7464075,True,,12,,,,2023-08-24T11:15:00.000Z,0.999460177474264,119876109.07726128,-9.655,0.05069068,0.01462738,0.0861389,-0.02313999,-0.0154668,-0.01968041,5345001685.017297,0.5021,5345001685.02,,2023-08-24T11:15:00.000Z,1027.0,Ethereum,ETH,ethereum,0x6b175474e89094c44da98b954eedeac495271d0f,2023-08-24 13:16:29.115559
12,3890,Polygon,MATIC,polygon,814,2019-04-28T00:00:00.000Z,"['pos', 'platform', 'enterprise-solutions', 'zero-knowledge-proofs', 'scaling', 'state-channel', 'coinbase-ventures-portfolio', 'layer-2', 'binance-launchpad', 'binance-labs-portfolio', 'polygon-ecosystem', 'moonriver-ecosystem', 'injective-ecosystem', 'sec-security-token', 'alleged-sec-securities']",10000000000.0,9319469069.28493,10000000000.0,False,,13,,,,2023-08-24T11:15:00.000Z,0.5559792403143382,273288640.80288786,-18.2486,0.24040668,0.8173407,-9.02863786,-22.95762844,-16.91794452,-38.03368288,5181431333.274008,0.4868,5559792403.14,,2023-08-24T11:15:00.000Z,,,,,,2023-08-24 13:16:29.115559
13,5994,Shiba Inu,SHIB,shiba-inu,610,2020-08-01T00:00:00.000Z,"['memes', 'ethereum-ecosystem', 'doggone-doggerel']",,589346914631298.1,589589040239379.6,False,,14,,,,2023-08-24T11:15:00.000Z,8.311418752444313e-06,170756839.40057844,-17.4303,0.52835427,0.61654162,-6.83387906,6.56209281,4.81582494,-2.04947051,4898308997.961769,0.4602,4900321405.28,,2023-08-24T11:15:00.000Z,1027.0,Ethereum,ETH,ethereum,0x95ad61b0a150d79219dcf64e1e6cc01f0b64c4ce,2023-08-24 13:16:29.115559
14,11419,Toncoin,TON,toncoin,128,2021-08-26T13:40:22.000Z,"['pos', 'toncoin-ecosystem']",,3431892087.62,5047558528.0,True,,15,3414166606.0,4869484784.822817,,2023-08-24T11:15:00.000Z,1.4262586882155266,29162220.29614619,-3.9455,-0.08624965,2.62215078,1.06519871,1.76534027,-3.45152254,-24.77122968,4894765906.986146,0.4598,7199124204.84,,2023-08-24T11:15:00.000Z,,,,,,2023-08-24 13:16:29.115559
0,1,Bitcoin,BTC,bitcoin,10395,2010-07-13T00:00:00.000Z,"['mineable', 'pow', 'sha-256', 'store-of-value', 'state-channel', 'coinbase-ventures-portfolio', 'three-arrows-capital-portfolio', 'polychain-capital-portfolio', 'binance-labs-portfolio', 'blockchain-capital-portfolio', 'boostvc-portfolio', 'cms-holdings-portfolio', 'dcg-portfolio', 'dragonfly-capital-portfolio', 'electric-capital-portfolio', 'fabric-ventures-portfolio', 'framework-ventures-portfolio', 'galaxy-digital-portfolio', 'huobi-capital-portfolio', 'alameda-research-portfolio', 'a16z-portfolio', '1confirmation-portfolio', 'winklevoss-capital-portfolio', 'usv-portfolio', 'placeholder-ventures-portfolio', 'pantera-capital-portfolio', 'multicoin-capital-portfolio', 'paradigm-portfolio', 'bitcoin-ecosystem']",21000000.0,19466518.0,19466518.0,False,,1,,,,2023-08-24T11:17:00.000Z,26499.14560249715,16257193334.10031,1.6579,0.27162354,2.21745512,-6.89755002,-9.12134004,-13.46602124,0.18518819,515846094855.6316,48.4211,556482057652.44,,2023-08-24T11:17:00.000Z,,,,,,2023-08-24 13:19:08.861709
1,1027,Ethereum,ETH,ethereum,7240,2015-08-07T00:00:00.000Z,"['pos', 'smart-contracts', 'ethereum-ecosystem', 'coinbase-ventures-portfolio', 'three-arrows-capital-portfolio', 'polychain-capital-portfolio', 'binance-labs-portfolio', 'blockchain-capital-portfolio', 'boostvc-portfolio', 'cms-holdings-portfolio', 'dcg-portfolio', 'dragonfly-capital-portfolio', 'electric-capital-portfolio', 'fabric-ventures-portfolio', 'framework-ventures-portfolio', 'hashkey-capital-portfolio', 'kenetic-capital-portfolio', 'huobi-capital-portfolio', 'alameda-research-portfolio', 'a16z-portfolio', '1confirmation-portfolio', 'winklevoss-capital-portfolio', 'usv-portfolio', 'placeholder-ventures-portfolio', 'pantera-capital-portfolio', 'multicoin-capital-portfolio', 'paradigm-portfolio', 'injective-ecosystem', 'layer-1']",,120214161.66680141,120214161.66680141,True,,2,,,,2023-08-24T11:17:00.000Z,1671.8533148403715,6389083388.959782,-21.8167,0.26492521,1.87029088,-6.25012955,-9.83294517,-12.72961599,-7.84536927,200980444673.39825,18.8693,200980444673.4,,2023-08-24T11:17:00.000Z,,,,,,2023-08-24 13:19:08.861709
2,825,Tether USDt,USDT,tether,59940,2015-02-25T00:00:00.000Z,"['payments', 'stablecoin', 'asset-backed-stablecoin', 'avalanche-ecosystem', 'solana-ecosystem', 'arbitrum-ecosytem', 'moonriver-ecosystem', 'injective-ecosystem', 'bnb-chain', 'usd-stablecoin', 'optimism-ecosystem']",,82845776808.28703,85484257711.71176,True,,3,,,,2023-08-24T11:17:00.000Z,0.9995857315656808,23780634151.582726,-8.4636,-0.01302373,-0.00625933,0.07466062,-0.04074646,-0.08853696,-0.04283494,82811456418.0387,7.7775,85448844282.11,,2023-08-24T11:17:00.000Z,1027.0,Ethereum,ETH,ethereum,0xdac17f958d2ee523a2206206994597c13d831ec7,2023-08-24 13:19:08.861709
3,1839,BNB,BNB,bnb,1575,2017-07-25T00:00:00.000Z,"['marketplace', 'centralized-exchange', 'payments', 'smart-contracts', 'alameda-research-portfolio', 'multicoin-capital-portfolio', 'bnb-chain', 'layer-1', 'sec-security-token', 'alleged-sec-securities', 'celsius-bankruptcy-estate']",,153837097.73642442,153837097.73642442,False,,4,,,,2023-08-24T11:17:00.000Z,220.1905331164404,477313689.3964317,-33.415,0.40080979,2.61119969,-4.37575765,-7.3911557,-8.05251191,-28.15084026,33873472563.66924,3.1803,33873472563.67,,2023-08-24T11:17:00.000Z,,,,,,2023-08-24 13:19:08.861709
4,52,XRP,XRP,xrp,1035,2013-08-04T00:00:00.000Z,"['medium-of-exchange', 'enterprise-solutions', 'arrington-xrp-capital-portfolio', 'galaxy-digital-portfolio', 'a16z-portfolio', 'pantera-capital-portfolio']",100000000000.0,52914193551.0,99988485729.0,False,,5,,,,2023-08-24T11:17:00.000Z,0.5251381074507298,979552367.7280935,-16.2885,0.337725,1.21836596,-10.08176828,-23.74431522,6.61007883,13.04336838,27787259458.653748,2.6097,52513810745.07,,2023-08-24T11:17:00.000Z,,,,,,2023-08-24 13:19:08.861709
5,3408,USD Coin,USDC,usd-coin,13707,2018-10-08T00:00:00.000Z,"['medium-of-exchange', 'stablecoin', 'asset-backed-stablecoin', 'hedera-hashgraph-ecosystem', 'fantom-ecosystem', 'arbitrum-ecosytem', 'moonriver-ecosystem', 'bnb-chain', 'usd-stablecoin', 'optimism-ecosystem']",,25982215049.947166,25982215049.947166,False,,6,,,,2023-08-24T11:17:00.000Z,0.9999263169436823,3580161893.528225,-10.0339,-0.01127322,-0.01165194,-0.01345621,-0.02604932,-0.02460122,-0.00412626,25980300600.93238,2.4392,25980300600.93,,2023-08-24T11:17:00.000Z,1027.0,Ethereum,ETH,ethereum,0xa0b86991c6218b36c1d19d4a2e9eb0ce3606eb48,2023-08-24 13:19:08.861709
6,2010,Cardano,ADA,cardano,893,2017-10-01T00:00:00.000Z,"['dpos', 'pos', 'platform', 'research', 'smart-contracts', 'staking', 'cardano-ecosystem', 'cardano', 'layer-1', 'sec-security-token', 'alleged-sec-securities']",45000000000.0,35058135629.451,36107356400.571,False,,7,,,,2023-08-24T11:17:00.000Z,0.26727551724826076,189099769.5739993,-11.735,0.21884605,2.92227618,-2.84666717,-12.1471865,-10.01173418,-25.18833986,9370181334.121195,0.8797,12027398276.17,,2023-08-24T11:17:00.000Z,,,,,,2023-08-24 13:19:08.861709
7,74,Dogecoin,DOGE,dogecoin,770,2013-12-15T00:00:00.000Z,"['mineable', 'pow', 'scrypt', 'medium-of-exchange', 'memes', 'payments', 'doggone-doggerel', 'bnb-chain']",,140719576383.70523,140719576383.70523,True,,8,,,,2023-08-24T11:17:00.000Z,0.06361086134788238,232417452.19946313,-27.3843,0.23241347,0.42976041,-5.02031224,-18.56474228,-5.77007433,-10.1601098,8951293462.276617,0.8404,8951293462.28,,2023-08-24T11:17:00.000Z,,,,,,2023-08-24 13:19:08.861709
8,5426,Solana,SOL,solana,499,2020-04-10T00:00:00.000Z,"['pos', 'platform', 'solana-ecosystem', 'cms-holdings-portfolio', 'kenetic-capital-portfolio', 'alameda-research-portfolio', 'multicoin-capital-portfolio', 'okex-blockdream-ventures-portfolio', 'layer-1', 'ftx-bankruptcy-estate', 'sec-security-token', 'alleged-sec-securities']",,407771011.2393265,555640955.9542782,True,,9,,,,2023-08-24T11:17:00.000Z,21.79440989425599,398374193.3875464,-4.2529,0.71233214,5.38089493,-5.28721156,-6.06650137,27.17509683,12.96506741,8887128561.945147,0.8344,12109866748.1,,2023-08-24T11:17:00.000Z,,,,,,2023-08-24 13:19:08.861709
9,1958,TRON,TRX,tron,809,2017-09-13T00:00:00.000Z,"['media', 'payments', 'tron-ecosystem', 'sec-security-token', 'alleged-sec-securities']",,89389997306.17975,89390061696.86615,True,,10,71659659264.0,5564289073.286061,,2023-08-24T11:17:00.000Z,0.07764883520847858,183478054.63093382,3.8453,0.16273823,1.70095741,3.78516391,-3.84575569,5.63602531,2.09895085,6941029170.113895,0.6515,6941034169.98,,2023-08-24T11:17:00.000Z,,,,,,2023-08-24 13:19:08.861709
10,6636,Polkadot,DOT,polkadot-new,554,2020-08-19T00:00:00.000Z,"['substrate', 'polkadot', 'binance-chain', 'polkadot-ecosystem', 'three-arrows-capital-portfolio', 'polychain-capital-portfolio', 'arrington-xrp-capital-portfolio', 'blockchain-capital-portfolio', 'boostvc-portfolio', 'cms-holdings-portfolio', 'coinfund-portfolio', 'fabric-ventures-portfolio', 'fenbushi-capital-portfolio', 'hashkey-capital-portfolio', 'kenetic-capital-portfolio', '1confirmation-portfolio', 'placeholder-ventures-portfolio', 'pantera-capital-portfolio', 'exnetwork-capital-portfolio', 'web3', 'spartan-group', 'injective-ecosystem', 'bnb-chain', 'layer-1']",,1216003382.1753688,1348262739.4805486,True,,11,,,,2023-08-24T11:17:00.000Z,4.483211843510576,99199433.30175193,-5.9923,0.1870767,1.63630912,-6.0143714,-13.58766559,-13.38779225,-14.29120676,5451600764.71753,0.5118,6044547481.8,,2023-08-24T11:17:00.000Z,,,,,,2023-08-24 13:19:08.861709
11,4943,Dai,DAI,multi-collateral-dai,2521,2019-11-22T00:00:00.000Z,"['defi', 'stablecoin', 'asset-backed-stablecoin', 'ethereum-ecosystem', 'avalanche-ecosystem', 'polygon-ecosystem', 'fantom-ecosystem', 'arbitrum-ecosytem', 'harmony-ecosystem', 'moonriver-ecosystem', 'bnb-chain', 'usd-stablecoin', 'optimism-ecosystem']",,5347888595.7464075,5347888595.7464075,True,,12,,,,2023-08-24T11:17:00.000Z,0.9996224638553028,119697887.65045437,-9.9262,0.06134282,0.04737004,0.1313604,0.00321008,0.02454802,-0.01089978,5345869574.503699,0.5019,5345869574.5,,2023-08-24T11:17:00.000Z,1027.0,Ethereum,ETH,ethereum,0x6b175474e89094c44da98b954eedeac495271d0f,2023-08-24 13:19:08.861709
12,3890,Polygon,MATIC,polygon,814,2019-04-28T00:00:00.000Z,"['pos', 'platform', 'enterprise-solutions', 'zero-knowledge-proofs', 'scaling', 'state-channel', 'coinbase-ventures-portfolio', 'layer-2', 'binance-launchpad', 'binance-labs-portfolio', 'polygon-ecosystem', 'moonriver-ecosystem', 'injective-ecosystem', 'sec-security-token', 'alleged-sec-securities']",10000000000.0,9319469069.28493,10000000000.0,False,,13,,,,2023-08-24T11:17:00.000Z,0.5563197557859632,272834950.01219195,-18.542,0.33340904,1.00863508,-8.87873945,-22.88339135,-16.89403565,-37.98627424,5184604756.679429,0.4868,5563197557.86,,2023-08-24T11:17:00.000Z,,,,,,2023-08-24 13:19:08.861709
13,5994,Shiba Inu,SHIB,shiba-inu,610,2020-08-01T00:00:00.000Z,"['memes', 'ethereum-ecosystem', 'doggone-doggerel']",,589346914631298.1,589589040239379.6,False,,14,,,,2023-08-24T11:17:00.000Z,8.320023104686379e-06,170682247.01939142,-17.6763,0.69338456,0.74830178,-6.28677452,6.63208913,4.9371679,-1.96459887,4903379946.408031,0.4604,4905394437.06,,2023-08-24T11:17:00.000Z,1027.0,Ethereum,ETH,ethereum,0x95ad61b0a150d79219dcf64e1e6cc01f0b64c4ce,2023-08-24 13:19:08.861709
14,11419,Toncoin,TON,toncoin,128,2021-08-26T13:40:22.000Z,"['pos', 'toncoin-ecosystem']",,3431892087.62,5047558528.0,True,,15,3414166606.0,4870579705.836881,,2023-08-24T11:17:00.000Z,1.4265793875663257,29200299.72406255,-3.7438,-0.05088342,2.65895438,1.05013158,1.74626931,-3.52922749,-24.76758291,4895866512.550658,0.4597,7200742953.58,,2023-08-24T11:17:00.000Z,,,,,,2023-08-24 13:19:08.861709
0,1,Bitcoin,BTC,bitcoin,10395,2010-07-13T00:00:00.000Z,"['mineable', 'pow', 'sha-256', 'store-of-value', 'state-channel', 'coinbase-ventures-portfolio', 'three-arrows-capital-portfolio', 'polychain-capital-portfolio', 'binance-labs-portfolio', 'blockchain-capital-portfolio', 'boostvc-portfolio', 'cms-holdings-portfolio', 'dcg-portfolio', 'dragonfly-capital-portfolio', 'electric-capital-portfolio', 'fabric-ventures-portfolio', 'framework-ventures-portfolio', 'galaxy-digital-portfolio', 'huobi-capital-portfolio', 'alameda-research-portfolio', 'a16z-portfolio', '1confirmation-portfolio', 'winklevoss-capital-portfolio', 'usv-portfolio', 'placeholder-ventures-portfolio', 'pantera-capital-portfolio', 'multicoin-capital-portfolio', 'paradigm-portfolio', 'bitcoin-ecosystem']",21000000.0,19466518.0,19466518.0,False,,1,,,,2023-08-24T11:17:00.000Z,26499.14560249715,16257193334.10031,1.6579,0.27162354,2.21745512,-6.89755002,-9.12134004,-13.46602124,0.18518819,515846094855.6316,48.4211,556482057652.44,,2023-08-24T11:17:00.000Z,,,,,,2023-08-24 13:19:08.861709
1,1027,Ethereum,ETH,ethereum,7240,2015-08-07T00:00:00.000Z,"['pos', 'smart-contracts', 'ethereum-ecosystem', 'coinbase-ventures-portfolio', 'three-arrows-capital-portfolio', 'polychain-capital-portfolio', 'binance-labs-portfolio', 'blockchain-capital-portfolio', 'boostvc-portfolio', 'cms-holdings-portfolio', 'dcg-portfolio', 'dragonfly-capital-portfolio', 'electric-capital-portfolio', 'fabric-ventures-portfolio', 'framework-ventures-portfolio', 'hashkey-capital-portfolio', 'kenetic-capital-portfolio', 'huobi-capital-portfolio', 'alameda-research-portfolio', 'a16z-portfolio', '1confirmation-portfolio', 'winklevoss-capital-portfolio', 'usv-portfolio', 'placeholder-ventures-portfolio', 'pantera-capital-portfolio', 'multicoin-capital-portfolio', 'paradigm-portfolio', 'injective-ecosystem', 'layer-1']",,120214161.66680141,120214161.66680141,True,,2,,,,2023-08-24T11:17:00.000Z,1671.8533148403715,6389083388.959782,-21.8167,0.26492521,1.87029088,-6.25012955,-9.83294517,-12.72961599,-7.84536927,200980444673.39825,18.8693,200980444673.4,,2023-08-24T11:17:00.000Z,,,,,,2023-08-24 13:19:08.861709
2,825,Tether USDt,USDT,tether,59940,2015-02-25T00:00:00.000Z,"['payments', 'stablecoin', 'asset-backed-stablecoin', 'avalanche-ecosystem', 'solana-ecosystem', 'arbitrum-ecosytem', 'moonriver-ecosystem', 'injective-ecosystem', 'bnb-chain', 'usd-stablecoin', 'optimism-ecosystem']",,82845776808.28703,85484257711.71176,True,,3,,,,2023-08-24T11:17:00.000Z,0.9995857315656808,23780634151.582726,-8.4636,-0.01302373,-0.00625933,0.07466062,-0.04074646,-0.08853696,-0.04283494,82811456418.0387,7.7775,85448844282.11,,2023-08-24T11:17:00.000Z,1027.0,Ethereum,ETH,ethereum,0xdac17f958d2ee523a2206206994597c13d831ec7,2023-08-24 13:19:08.861709
3,1839,BNB,BNB,bnb,1575,2017-07-25T00:00:00.000Z,"['marketplace', 'centralized-exchange', 'payments', 'smart-contracts', 'alameda-research-portfolio', 'multicoin-capital-portfolio', 'bnb-chain', 'layer-1', 'sec-security-token', 'alleged-sec-securities', 'celsius-bankruptcy-estate']",,153837097.73642442,153837097.73642442,False,,4,,,,2023-08-24T11:17:00.000Z,220.1905331164404,477313689.3964317,-33.415,0.40080979,2.61119969,-4.37575765,-7.3911557,-8.05251191,-28.15084026,33873472563.66924,3.1803,33873472563.67,,2023-08-24T11:17:00.000Z,,,,,,2023-08-24 13:19:08.861709
4,52,XRP,XRP,xrp,1035,2013-08-04T00:00:00.000Z,"['medium-of-exchange', 'enterprise-solutions', 'arrington-xrp-capital-portfolio', 'galaxy-digital-portfolio', 'a16z-portfolio', 'pantera-capital-portfolio']",100000000000.0,52914193551.0,99988485729.0,False,,5,,,,2023-08-24T11:17:00.000Z,0.5251381074507298,979552367.7280935,-16.2885,0.337725,1.21836596,-10.08176828,-23.74431522,6.61007883,13.04336838,27787259458.653748,2.6097,52513810745.07,,2023-08-24T11:17:00.000Z,,,,,,2023-08-24 13:19:08.861709
5,3408,USD Coin,USDC,usd-coin,13707,2018-10-08T00:00:00.000Z,"['medium-of-exchange', 'stablecoin', 'asset-backed-stablecoin', 'hedera-hashgraph-ecosystem', 'fantom-ecosystem', 'arbitrum-ecosytem', 'moonriver-ecosystem', 'bnb-chain', 'usd-stablecoin', 'optimism-ecosystem']",,25982215049.947166,25982215049.947166,False,,6,,,,2023-08-24T11:17:00.000Z,0.9999263169436823,3580161893.528225,-10.0339,-0.01127322,-0.01165194,-0.01345621,-0.02604932,-0.02460122,-0.00412626,25980300600.93238,2.4392,25980300600.93,,2023-08-24T11:17:00.000Z,1027.0,Ethereum,ETH,ethereum,0xa0b86991c6218b36c1d19d4a2e9eb0ce3606eb48,2023-08-24 13:19:08.861709
6,2010,Cardano,ADA,cardano,893,2017-10-01T00:00:00.000Z,"['dpos', 'pos', 'platform', 'research', 'smart-contracts', 'staking', 'cardano-ecosystem', 'cardano', 'layer-1', 'sec-security-token', 'alleged-sec-securities']",45000000000.0,35058135629.451,36107356400.571,False,,7,,,,2023-08-24T11:17:00.000Z,0.26727551724826076,189099769.5739993,-11.735,0.21884605,2.92227618,-2.84666717,-12.1471865,-10.01173418,-25.18833986,9370181334.121195,0.8797,12027398276.17,,2023-08-24T11:17:00.000Z,,,,,,2023-08-24 13:19:08.861709
7,74,Dogecoin,DOGE,dogecoin,770,2013-12-15T00:00:00.000Z,"['mineable', 'pow', 'scrypt', 'medium-of-exchange', 'memes', 'payments', 'doggone-doggerel', 'bnb-chain']",,140719576383.70523,140719576383.70523,True,,8,,,,2023-08-24T11:17:00.000Z,0.06361086134788238,232417452.19946313,-27.3843,0.23241347,0.42976041,-5.02031224,-18.56474228,-5.77007433,-10.1601098,8951293462.276617,0.8404,8951293462.28,,2023-08-24T11:17:00.000Z,,,,,,2023-08-24 13:19:08.861709
8,5426,Solana,SOL,solana,499,2020-04-10T00:00:00.000Z,"['pos', 'platform', 'solana-ecosystem', 'cms-holdings-portfolio', 'kenetic-capital-portfolio', 'alameda-research-portfolio', 'multicoin-capital-portfolio', 'okex-blockdream-ventures-portfolio', 'layer-1', 'ftx-bankruptcy-estate', 'sec-security-token', 'alleged-sec-securities']",,407771011.2393265,555640955.9542782,True,,9,,,,2023-08-24T11:17:00.000Z,21.79440989425599,398374193.3875464,-4.2529,0.71233214,5.38089493,-5.28721156,-6.06650137,27.17509683,12.96506741,8887128561.945147,0.8344,12109866748.1,,2023-08-24T11:17:00.000Z,,,,,,2023-08-24 13:19:08.861709
9,1958,TRON,TRX,tron,809,2017-09-13T00:00:00.000Z,"['media', 'payments', 'tron-ecosystem', 'sec-security-token', 'alleged-sec-securities']",,89389997306.17975,89390061696.86615,True,,10,71659659264.0,5564289073.286061,,2023-08-24T11:17:00.000Z,0.07764883520847858,183478054.63093382,3.8453,0.16273823,1.70095741,3.78516391,-3.84575569,5.63602531,2.09895085,6941029170.113895,0.6515,6941034169.98,,2023-08-24T11:17:00.000Z,,,,,,2023-08-24 13:19:08.861709
10,6636,Polkadot,DOT,polkadot-new,554,2020-08-19T00:00:00.000Z,"['substrate', 'polkadot', 'binance-chain', 'polkadot-ecosystem', 'three-arrows-capital-portfolio', 'polychain-capital-portfolio', 'arrington-xrp-capital-portfolio', 'blockchain-capital-portfolio', 'boostvc-portfolio', 'cms-holdings-portfolio', 'coinfund-portfolio', 'fabric-ventures-portfolio', 'fenbushi-capital-portfolio', 'hashkey-capital-portfolio', 'kenetic-capital-portfolio', '1confirmation-portfolio', 'placeholder-ventures-portfolio', 'pantera-capital-portfolio', 'exnetwork-capital-portfolio', 'web3', 'spartan-group', 'injective-ecosystem', 'bnb-chain', 'layer-1']",,1216003382.1753688,1348262739.4805486,True,,11,,,,2023-08-24T11:17:00.000Z,4.483211843510576,99199433.30175193,-5.9923,0.1870767,1.63630912,-6.0143714,-13.58766559,-13.38779225,-14.29120676,5451600764.71753,0.5118,6044547481.8,,2023-08-24T11:17:00.000Z,,,,,,2023-08-24 13:19:08.861709
11,4943,Dai,DAI,multi-collateral-dai,2521,2019-11-22T00:00:00.000Z,"['defi', 'stablecoin', 'asset-backed-stablecoin', 'ethereum-ecosystem', 'avalanche-ecosystem', 'polygon-ecosystem', 'fantom-ecosystem', 'arbitrum-ecosytem', 'harmony-ecosystem', 'moonriver-ecosystem', 'bnb-chain', 'usd-stablecoin', 'optimism-ecosystem']",,5347888595.7464075,5347888595.7464075,True,,12,,,,2023-08-24T11:17:00.000Z,0.9996224638553028,119697887.65045437,-9.9262,0.06134282,0.04737004,0.1313604,0.00321008,0.02454802,-0.01089978,5345869574.503699,0.5019,5345869574.5,,2023-08-24T11:17:00.000Z,1027.0,Ethereum,ETH,ethereum,0x6b175474e89094c44da98b954eedeac495271d0f,2023-08-24 13:19:08.861709
12,3890,Polygon,MATIC,polygon,814,2019-04-28T00:00:00.000Z,"['pos', 'platform', 'enterprise-solutions', 'zero-knowledge-proofs', 'scaling', 'state-channel', 'coinbase-ventures-portfolio', 'layer-2', 'binance-launchpad', 'binance-labs-portfolio', 'polygon-ecosystem', 'moonriver-ecosystem', 'injective-ecosystem', 'sec-security-token', 'alleged-sec-securities']",10000000000.0,9319469069.28493,10000000000.0,False,,13,,,,2023-08-24T11:17:00.000Z,0.5563197557859632,272834950.01219195,-18.542,0.33340904,1.00863508,-8.87873945,-22.88339135,-16.89403565,-37.98627424,5184604756.679429,0.4868,5563197557.86,,2023-08-24T11:17:00.000Z,,,,,,2023-08-24 13:19:08.861709
13,5994,Shiba Inu,SHIB,shiba-inu,610,2020-08-01T00:00:00.000Z,"['memes', 'ethereum-ecosystem', 'doggone-doggerel']",,589346914631298.1,589589040239379.6,False,,14,,,,2023-08-24T11:17:00.000Z,8.320023104686379e-06,170682247.01939142,-17.6763,0.69338456,0.74830178,-6.28677452,6.63208913,4.9371679,-1.96459887,4903379946.408031,0.4604,4905394437.06,,2023-08-24T11:17:00.000Z,1027.0,Ethereum,ETH,ethereum,0x95ad61b0a150d79219dcf64e1e6cc01f0b64c4ce,2023-08-24 13:19:08.861709
14,11419,Toncoin,TON,toncoin,128,2021-08-26T13:40:22.000Z,"['pos', 'toncoin-ecosystem']",,3431892087.62,5047558528.0,True,,15,3414166606.0,4870579705.836881,,2023-08-24T11:17:00.000Z,1.4265793875663257,29200299.72406255,-3.7438,-0.05088342,2.65895438,1.05013158,1.74626931,-3.52922749,-24.76758291,4895866512.550658,0.4597,7200742953.58,,2023-08-24T11:17:00.000Z,,,,,,2023-08-24 13:19:08.861709
0,1,Bitcoin,BTC,bitcoin,10395,2010-07-13T00:00:00.000Z,"['mineable', 'pow', 'sha-256', 'store-of-value', 'state-channel', 'coinbase-ventures-portfolio', 'three-arrows-capital-portfolio', 'polychain-capital-portfolio', 'binance-labs-portfolio', 'blockchain-capital-portfolio', 'boostvc-portfolio', 'cms-holdings-portfolio', 'dcg-portfolio', 'dragonfly-capital-portfolio', 'electric-capital-portfolio', 'fabric-ventures-portfolio', 'framework-ventures-portfolio', 'galaxy-digital-portfolio', 'huobi-capital-portfolio', 'alameda-research-portfolio', 'a16z-portfolio', '1confirmation-portfolio', 'winklevoss-capital-portfolio', 'usv-portfolio', 'placeholder-ventures-portfolio', 'pantera-capital-portfolio', 'multicoin-capital-portfolio', 'paradigm-portfolio', 'bitcoin-ecosystem']",21000000.0,19466518.0,19466518.0,False,,1,,,,2023-08-24T11:18:00.000Z,26504.913942952444,16258807830.173018,1.67,0.2993956,2.29467557,-6.87875246,-9.10089731,-13.46933825,0.20650684,515958384358.9347,48.4316,556603192802.0,,2023-08-24T11:18:00.000Z,,,,,,2023-08-24 13:20:02.920200
1,1027,Ethereum,ETH,ethereum,7240,2015-08-07T00:00:00.000Z,"['pos', 'smart-contracts', 'ethereum-ecosystem', 'coinbase-ventures-portfolio', 'three-arrows-capital-portfolio', 'polychain-capital-portfolio', 'binance-labs-portfolio', 'blockchain-capital-portfolio', 'boostvc-portfolio', 'cms-holdings-portfolio', 'dcg-portfolio', 'dragonfly-capital-portfolio', 'electric-capital-portfolio', 'fabric-ventures-portfolio', 'framework-ventures-portfolio', 'hashkey-capital-portfolio', 'kenetic-capital-portfolio', 'huobi-capital-portfolio', 'alameda-research-portfolio', 'a16z-portfolio', '1confirmation-portfolio', 'winklevoss-capital-portfolio', 'usv-portfolio', 'placeholder-ventures-portfolio', 'pantera-capital-portfolio', 'multicoin-capital-portfolio', 'paradigm-portfolio', 'injective-ecosystem', 'layer-1']",,120214161.66680141,120214161.66680141,True,,2,,,,2023-08-24T11:18:00.000Z,1671.8376296755685,6389396774.623031,-21.8112,0.2633817,1.92211323,-6.24813217,-9.83014392,-12.75298799,-7.8527498,200978559094.46085,18.8691,200978559094.46,,2023-08-24T11:18:00.000Z,,,,,,2023-08-24 13:20:02.920200
2,825,Tether USDt,USDT,tether,59940,2015-02-25T00:00:00.000Z,"['payments', 'stablecoin', 'asset-backed-stablecoin', 'avalanche-ecosystem', 'solana-ecosystem', 'arbitrum-ecosytem', 'moonriver-ecosystem', 'injective-ecosystem', 'bnb-chain', 'usd-stablecoin', 'optimism-ecosystem']",,82845776808.28703,85484257711.71176,True,,3,,,,2023-08-24T11:18:00.000Z,0.9996039120954887,23782665412.994644,-8.4541,-0.00723935,-0.00983449,0.07743672,-0.04634809,-0.05260558,-0.0484523,82812962598.15343,7.7724,85450398431.21,,2023-08-24T11:18:00.000Z,1027.0,Ethereum,ETH,ethereum,0xdac17f958d2ee523a2206206994597c13d831ec7,2023-08-24 13:20:02.920200
3,1839,BNB,BNB,bnb,1575,2017-07-25T00:00:00.000Z,"['marketplace', 'centralized-exchange', 'payments', 'smart-contracts', 'alameda-research-portfolio', 'multicoin-capital-portfolio', 'bnb-chain', 'layer-1', 'sec-security-token', 'alleged-sec-securities', 'celsius-bankruptcy-estate']",,153837097.73642442,153837097.73642442,False,,4,,,,2023-08-24T11:18:00.000Z,220.17158012673792,477430616.49895144,-33.3974,0.42538489,2.6000526,-4.39322952,-7.39309737,-8.07150448,-28.15306054,33870556890.739983,3.18,33870556890.74,,2023-08-24T11:18:00.000Z,,,,,,2023-08-24 13:20:02.920200
4,52,XRP,XRP,xrp,1035,2013-08-04T00:00:00.000Z,"['medium-of-exchange', 'enterprise-solutions', 'arrington-xrp-capital-portfolio', 'galaxy-digital-portfolio', 'a16z-portfolio', 'pantera-capital-portfolio']",100000000000.0,52914193551.0,99988485729.0,False,,5,,,,2023-08-24T11:18:00.000Z,0.5251509976439044,979660461.0814921,-16.279,0.3410238,1.21866231,-10.09223906,-23.73001992,6.61170828,13.03960425,27787941532.830303,2.608,52515099764.39,,2023-08-24T11:18:00.000Z,,,,,,2023-08-24 13:20:02.920200
5,3408,USD Coin,USDC,usd-coin,13707,2018-10-08T00:00:00.000Z,"['medium-of-exchange', 'stablecoin', 'asset-backed-stablecoin', 'hedera-hashgraph-ecosystem', 'fantom-ecosystem', 'arbitrum-ecosytem', 'moonriver-ecosystem', 'bnb-chain', 'usd-stablecoin', 'optimism-ecosystem']",,25982215049.947166,25982215049.947166,False,,6,,,,2023-08-24T11:18:00.000Z,0.9998895870144883,3582660109.913966,-9.9713,-0.01084223,-0.02120813,-0.02312886,-0.03378275,-0.00116994,-0.0198002,25979346276.013294,2.4391,25979346276.01,,2023-08-24T11:18:00.000Z,1027.0,Ethereum,ETH,ethereum,0xa0b86991c6218b36c1d19d4a2e9eb0ce3606eb48,2023-08-24 13:20:02.920200
6,2010,Cardano,ADA,cardano,893,2017-10-01T00:00:00.000Z,"['dpos', 'pos', 'platform', 'research', 'smart-contracts', 'staking', 'cardano-ecosystem', 'cardano', 'layer-1', 'sec-security-token', 'alleged-sec-securities']",45000000000.0,35058135629.451,36107356400.571,False,,7,,,,2023-08-24T11:18:00.000Z,0.2672948219352871,189109585.3789668,-11.7269,0.23383934,2.93712875,-2.84079788,-12.12897735,-10.01501426,-25.17870597,9370858120.457249,0.8798,12028266987.09,,2023-08-24T11:18:00.000Z,,,,,,2023-08-24 13:20:02.920200
7,74,Dogecoin,DOGE,dogecoin,770,2013-12-15T00:00:00.000Z,"['mineable', 'pow', 'scrypt', 'medium-of-exchange', 'memes', 'payments', 'doggone-doggerel', 'bnb-chain']",,140719576383.70523,140719576383.70523,True,,8,,,,2023-08-24T11:18:00.000Z,0.06361817999927186,232405454.81888592,-27.3897,0.2393458,0.44715746,-5.01195531,-18.55615831,-5.7609957,-10.14395171,8952323339.799845,0.8405,8952323339.8,,2023-08-24T11:18:00.000Z,,,,,,2023-08-24 13:20:02.920200
8,5426,Solana,SOL,solana,499,2020-04-10T00:00:00.000Z,"['pos', 'platform', 'solana-ecosystem', 'cms-holdings-portfolio', 'kenetic-capital-portfolio', 'alameda-research-portfolio', 'multicoin-capital-portfolio', 'okex-blockdream-ventures-portfolio', 'layer-1', 'ftx-bankruptcy-estate', 'sec-security-token', 'alleged-sec-securities']",,407771011.2393265,555640955.9542782,True,,9,,,,2023-08-24T11:18:00.000Z,21.79438518301066,398354370.97584456,-4.2485,0.7132452,5.38509378,-5.28860698,-6.05849144,27.1796739,12.96907903,8887118485.415651,0.8344,12109853017.52,,2023-08-24T11:18:00.000Z,,,,,,2023-08-24 13:20:02.920200
9,1958,TRON,TRX,tron,809,2017-09-13T00:00:00.000Z,"['media', 'payments', 'tron-ecosystem', 'sec-security-token', 'alleged-sec-securities']",,89389997306.17975,89390061696.86615,True,,10,71659659264.0,5563896824.734855,,2023-08-24T11:18:00.000Z,0.07764336143766756,183512985.88989192,3.867,0.14657156,1.69073564,3.77508079,-3.83721706,5.61438001,2.0845197,6940539869.755844,0.6515,6940544869.27,,2023-08-24T11:18:00.000Z,,,,,,2023-08-24 13:20:02.920200
10,6636,Polkadot,DOT,polkadot-new,554,2020-08-19T00:00:00.000Z,"['substrate', 'polkadot', 'binance-chain', 'polkadot-ecosystem', 'three-arrows-capital-portfolio', 'polychain-capital-portfolio', 'arrington-xrp-capital-portfolio', 'blockchain-capital-portfolio', 'boostvc-portfolio', 'cms-holdings-portfolio', 'coinfund-portfolio', 'fabric-ventures-portfolio', 'fenbushi-capital-portfolio', 'hashkey-capital-portfolio', 'kenetic-capital-portfolio', '1confirmation-portfolio', 'placeholder-ventures-portfolio', 'pantera-capital-portfolio', 'exnetwork-capital-portfolio', 'web3', 'spartan-group', 'injective-ecosystem', 'bnb-chain', 'layer-1']",,1216003382.1753688,1348262739.4805486,True,,11,,,,2023-08-24T11:18:00.000Z,4.483028858064217,99177799.64614713,-6.012,0.17856662,1.63954633,-6.02126648,-13.58908611,-13.39339602,-14.29172257,5451378253.795869,0.5118,6044300769.34,,2023-08-24T11:18:00.000Z,,,,,,2023-08-24 13:20:02.920200
11,4943,Dai,DAI,multi-collateral-dai,2521,2019-11-22T00:00:00.000Z,"['defi', 'stablecoin', 'asset-backed-stablecoin', 'ethereum-ecosystem', 'avalanche-ecosystem', 'polygon-ecosystem', 'fantom-ecosystem', 'arbitrum-ecosytem', 'harmony-ecosystem', 'moonriver-ecosystem', 'bnb-chain', 'usd-stablecoin', 'optimism-ecosystem']",,5347888595.7464075,5347888595.7464075,True,,12,,,,2023-08-24T11:18:00.000Z,0.9996418142277448,119674473.3834152,-9.9431,0.05943281,0.05094296,0.1130964,0.00785987,0.01101501,-0.00975816,5345973058.139805,0.5019,5345973058.14,,2023-08-24T11:18:00.000Z,1027.0,Ethereum,ETH,ethereum,0x6b175474e89094c44da98b954eedeac495271d0f,2023-08-24 13:20:02.920200
12,3890,Polygon,MATIC,polygon,814,2019-04-28T00:00:00.000Z,"['pos', 'platform', 'enterprise-solutions', 'zero-knowledge-proofs', 'scaling', 'state-channel', 'coinbase-ventures-portfolio', 'layer-2', 'binance-launchpad', 'binance-labs-portfolio', 'polygon-ecosystem', 'moonriver-ecosystem', 'injective-ecosystem', 'sec-security-token', 'alleged-sec-securities']",10000000000.0,9319469069.28493,10000000000.0,False,,13,,,,2023-08-24T11:18:00.000Z,0.5563104993209027,272788364.7398427,-18.5543,0.33654995,1.01023736,-8.87524092,-22.88590174,-16.88665004,-37.9853813,5184518491.339607,0.4868,5563104993.21,,2023-08-24T11:18:00.000Z,,,,,,2023-08-24 13:20:02.920200
13,5994,Shiba Inu,SHIB,shiba-inu,610,2020-08-01T00:00:00.000Z,"['memes', 'ethereum-ecosystem', 'doggone-doggerel']",,589346914631298.1,589589040239379.6,False,,14,,,,2023-08-24T11:18:00.000Z,8.319379834707875e-06,170692761.93588793,-17.669,0.67399457,0.74285395,-6.25562952,6.62458115,4.92639129,-1.97134578,4903000837.230926,0.4603,4905015172.13,,2023-08-24T11:18:00.000Z,1027.0,Ethereum,ETH,ethereum,0x95ad61b0a150d79219dcf64e1e6cc01f0b64c4ce,2023-08-24 13:20:02.920200
14,11419,Toncoin,TON,toncoin,128,2021-08-26T13:40:22.000Z,"['pos', 'toncoin-ecosystem']",,3431892087.62,5047558528.0,True,,15,3414166606.0,4870628943.242854,,2023-08-24T11:18:00.000Z,1.426593809066989,29200170.22987096,-3.74,-0.02713241,2.6625744,1.05989054,1.75930281,-3.53428276,-24.77060922,4895916005.584676,0.4597,7200815746.95,,2023-08-24T11:18:00.000Z,,,,,,2023-08-24 13:20:02.920200
0,1,Bitcoin,BTC,bitcoin,10395,2010-07-13T00:00:00.000Z,"['mineable', 'pow', 'sha-256', 'store-of-value', 'state-channel', 'coinbase-ventures-portfolio', 'three-arrows-capital-portfolio', 'polychain-capital-portfolio', 'binance-labs-portfolio', 'blockchain-capital-portfolio', 'boostvc-portfolio', 'cms-holdings-portfolio', 'dcg-portfolio', 'dragonfly-capital-portfolio', 'electric-capital-portfolio', 'fabric-ventures-portfolio', 'framework-ventures-portfolio', 'galaxy-digital-portfolio', 'huobi-capital-portfolio', 'alameda-research-portfolio', 'a16z-portfolio', '1confirmation-portfolio', 'winklevoss-capital-portfolio', 'usv-portfolio', 'placeholder-ventures-portfolio', 'pantera-capital-portfolio', 'multicoin-capital-portfolio', 'paradigm-portfolio', 'bitcoin-ecosystem']",21000000.0,19466518.0,19466518.0,False,,1,,,,2023-08-24T11:18:00.000Z,26504.913942952444,16258807830.173018,1.67,0.2993956,2.29467557,-6.87875246,-9.10089731,-13.46933825,0.20650684,515958384358.9347,48.4316,556603192802.0,,2023-08-24T11:18:00.000Z,,,,,,2023-08-24 13:20:02.920200
1,1027,Ethereum,ETH,ethereum,7240,2015-08-07T00:00:00.000Z,"['pos', 'smart-contracts', 'ethereum-ecosystem', 'coinbase-ventures-portfolio', 'three-arrows-capital-portfolio', 'polychain-capital-portfolio', 'binance-labs-portfolio', 'blockchain-capital-portfolio', 'boostvc-portfolio', 'cms-holdings-portfolio', 'dcg-portfolio', 'dragonfly-capital-portfolio', 'electric-capital-portfolio', 'fabric-ventures-portfolio', 'framework-ventures-portfolio', 'hashkey-capital-portfolio', 'kenetic-capital-portfolio', 'huobi-capital-portfolio', 'alameda-research-portfolio', 'a16z-portfolio', '1confirmation-portfolio', 'winklevoss-capital-portfolio', 'usv-portfolio', 'placeholder-ventures-portfolio', 'pantera-capital-portfolio', 'multicoin-capital-portfolio', 'paradigm-portfolio', 'injective-ecosystem', 'layer-1']",,120214161.66680141,120214161.66680141,True,,2,,,,2023-08-24T11:18:00.000Z,1671.8376296755685,6389396774.623031,-21.8112,0.2633817,1.92211323,-6.24813217,-9.83014392,-12.75298799,-7.8527498,200978559094.46085,18.8691,200978559094.46,,2023-08-24T11:18:00.000Z,,,,,,2023-08-24 13:20:02.920200
2,825,Tether USDt,USDT,tether,59940,2015-02-25T00:00:00.000Z,"['payments', 'stablecoin', 'asset-backed-stablecoin', 'avalanche-ecosystem', 'solana-ecosystem', 'arbitrum-ecosytem', 'moonriver-ecosystem', 'injective-ecosystem', 'bnb-chain', 'usd-stablecoin', 'optimism-ecosystem']",,82845776808.28703,85484257711.71176,True,,3,,,,2023-08-24T11:18:00.000Z,0.9996039120954887,23782665412.994644,-8.4541,-0.00723935,-0.00983449,0.07743672,-0.04634809,-0.05260558,-0.0484523,82812962598.15343,7.7724,85450398431.21,,2023-08-24T11:18:00.000Z,1027.0,Ethereum,ETH,ethereum,0xdac17f958d2ee523a2206206994597c13d831ec7,2023-08-24 13:20:02.920200
3,1839,BNB,BNB,bnb,1575,2017-07-25T00:00:00.000Z,"['marketplace', 'centralized-exchange', 'payments', 'smart-contracts', 'alameda-research-portfolio', 'multicoin-capital-portfolio', 'bnb-chain', 'layer-1', 'sec-security-token', 'alleged-sec-securities', 'celsius-bankruptcy-estate']",,153837097.73642442,153837097.73642442,False,,4,,,,2023-08-24T11:18:00.000Z,220.17158012673792,477430616.49895144,-33.3974,0.42538489,2.6000526,-4.39322952,-7.39309737,-8.07150448,-28.15306054,33870556890.739983,3.18,33870556890.74,,2023-08-24T11:18:00.000Z,,,,,,2023-08-24 13:20:02.920200
4,52,XRP,XRP,xrp,1035,2013-08-04T00:00:00.000Z,"['medium-of-exchange', 'enterprise-solutions', 'arrington-xrp-capital-portfolio', 'galaxy-digital-portfolio', 'a16z-portfolio', 'pantera-capital-portfolio']",100000000000.0,52914193551.0,99988485729.0,False,,5,,,,2023-08-24T11:18:00.000Z,0.5251509976439044,979660461.0814921,-16.279,0.3410238,1.21866231,-10.09223906,-23.73001992,6.61170828,13.03960425,27787941532.830303,2.608,52515099764.39,,2023-08-24T11:18:00.000Z,,,,,,2023-08-24 13:20:02.920200
5,3408,USD Coin,USDC,usd-coin,13707,2018-10-08T00:00:00.000Z,"['medium-of-exchange', 'stablecoin', 'asset-backed-stablecoin', 'hedera-hashgraph-ecosystem', 'fantom-ecosystem', 'arbitrum-ecosytem', 'moonriver-ecosystem', 'bnb-chain', 'usd-stablecoin', 'optimism-ecosystem']",,25982215049.947166,25982215049.947166,False,,6,,,,2023-08-24T11:18:00.000Z,0.9998895870144883,3582660109.913966,-9.9713,-0.01084223,-0.02120813,-0.02312886,-0.03378275,-0.00116994,-0.0198002,25979346276.013294,2.4391,25979346276.01,,2023-08-24T11:18:00.000Z,1027.0,Ethereum,ETH,ethereum,0xa0b86991c6218b36c1d19d4a2e9eb0ce3606eb48,2023-08-24 13:20:02.920200
6,2010,Cardano,ADA,cardano,893,2017-10-01T00:00:00.000Z,"['dpos', 'pos', 'platform', 'research', 'smart-contracts', 'staking', 'cardano-ecosystem', 'cardano', 'layer-1', 'sec-security-token', 'alleged-sec-securities']",45000000000.0,35058135629.451,36107356400.571,False,,7,,,,2023-08-24T11:18:00.000Z,0.2672948219352871,189109585.3789668,-11.7269,0.23383934,2.93712875,-2.84079788,-12.12897735,-10.01501426,-25.17870597,9370858120.457249,0.8798,12028266987.09,,2023-08-24T11:18:00.000Z,,,,,,2023-08-24 13:20:02.920200
7,74,Dogecoin,DOGE,dogecoin,770,2013-12-15T00:00:00.000Z,"['mineable', 'pow', 'scrypt', 'medium-of-exchange', 'memes', 'payments', 'doggone-doggerel', 'bnb-chain']",,140719576383.70523,140719576383.70523,True,,8,,,,2023-08-24T11:18:00.000Z,0.06361817999927186,232405454.81888592,-27.3897,0.2393458,0.44715746,-5.01195531,-18.55615831,-5.7609957,-10.14395171,8952323339.799845,0.8405,8952323339.8,,2023-08-24T11:18:00.000Z,,,,,,2023-08-24 13:20:02.920200
8,5426,Solana,SOL,solana,499,2020-04-10T00:00:00.000Z,"['pos', 'platform', 'solana-ecosystem', 'cms-holdings-portfolio', 'kenetic-capital-portfolio', 'alameda-research-portfolio', 'multicoin-capital-portfolio', 'okex-blockdream-ventures-portfolio', 'layer-1', 'ftx-bankruptcy-estate', 'sec-security-token', 'alleged-sec-securities']",,407771011.2393265,555640955.9542782,True,,9,,,,2023-08-24T11:18:00.000Z,21.79438518301066,398354370.97584456,-4.2485,0.7132452,5.38509378,-5.28860698,-6.05849144,27.1796739,12.96907903,8887118485.415651,0.8344,12109853017.52,,2023-08-24T11:18:00.000Z,,,,,,2023-08-24 13:20:02.920200
9,1958,TRON,TRX,tron,809,2017-09-13T00:00:00.000Z,"['media', 'payments', 'tron-ecosystem', 'sec-security-token', 'alleged-sec-securities']",,89389997306.17975,89390061696.86615,True,,10,71659659264.0,5563896824.734855,,2023-08-24T11:18:00.000Z,0.07764336143766756,183512985.88989192,3.867,0.14657156,1.69073564,3.77508079,-3.83721706,5.61438001,2.0845197,6940539869.755844,0.6515,6940544869.27,,2023-08-24T11:18:00.000Z,,,,,,2023-08-24 13:20:02.920200
10,6636,Polkadot,DOT,polkadot-new,554,2020-08-19T00:00:00.000Z,"['substrate', 'polkadot', 'binance-chain', 'polkadot-ecosystem', 'three-arrows-capital-portfolio', 'polychain-capital-portfolio', 'arrington-xrp-capital-portfolio', 'blockchain-capital-portfolio', 'boostvc-portfolio', 'cms-holdings-portfolio', 'coinfund-portfolio', 'fabric-ventures-portfolio', 'fenbushi-capital-portfolio', 'hashkey-capital-portfolio', 'kenetic-capital-portfolio', '1confirmation-portfolio', 'placeholder-ventures-portfolio', 'pantera-capital-portfolio', 'exnetwork-capital-portfolio', 'web3', 'spartan-group', 'injective-ecosystem', 'bnb-chain', 'layer-1']",,1216003382.1753688,1348262739.4805486,True,,11,,,,2023-08-24T11:18:00.000Z,4.483028858064217,99177799.64614713,-6.012,0.17856662,1.63954633,-6.02126648,-13.58908611,-13.39339602,-14.29172257,5451378253.795869,0.5118,6044300769.34,,2023-08-24T11:18:00.000Z,,,,,,2023-08-24 13:20:02.920200
11,4943,Dai,DAI,multi-collateral-dai,2521,2019-11-22T00:00:00.000Z,"['defi', 'stablecoin', 'asset-backed-stablecoin', 'ethereum-ecosystem', 'avalanche-ecosystem', 'polygon-ecosystem', 'fantom-ecosystem', 'arbitrum-ecosytem', 'harmony-ecosystem', 'moonriver-ecosystem', 'bnb-chain', 'usd-stablecoin', 'optimism-ecosystem']",,5347888595.7464075,5347888595.7464075,True,,12,,,,2023-08-24T11:18:00.000Z,0.9996418142277448,119674473.3834152,-9.9431,0.05943281,0.05094296,0.1130964,0.00785987,0.01101501,-0.00975816,5345973058.139805,0.5019,5345973058.14,,2023-08-24T11:18:00.000Z,1027.0,Ethereum,ETH,ethereum,0x6b175474e89094c44da98b954eedeac495271d0f,2023-08-24 13:20:02.920200
12,3890,Polygon,MATIC,polygon,814,2019-04-28T00:00:00.000Z,"['pos', 'platform', 'enterprise-solutions', 'zero-knowledge-proofs', 'scaling', 'state-channel', 'coinbase-ventures-portfolio', 'layer-2', 'binance-launchpad', 'binance-labs-portfolio', 'polygon-ecosystem', 'moonriver-ecosystem', 'injective-ecosystem', 'sec-security-token', 'alleged-sec-securities']",10000000000.0,9319469069.28493,10000000000.0,False,,13,,,,2023-08-24T11:18:00.000Z,0.5563104993209027,272788364.7398427,-18.5543,0.33654995,1.01023736,-8.87524092,-22.88590174,-16.88665004,-37.9853813,5184518491.339607,0.4868,5563104993.21,,2023-08-24T11:18:00.000Z,,,,,,2023-08-24 13:20:02.920200
13,5994,Shiba Inu,SHIB,shiba-inu,610,2020-08-01T00:00:00.000Z,"['memes', 'ethereum-ecosystem', 'doggone-doggerel']",,589346914631298.1,589589040239379.6,False,,14,,,,2023-08-24T11:18:00.000Z,8.319379834707875e-06,170692761.93588793,-17.669,0.67399457,0.74285395,-6.25562952,6.62458115,4.92639129,-1.97134578,4903000837.230926,0.4603,4905015172.13,,2023-08-24T11:18:00.000Z,1027.0,Ethereum,ETH,ethereum,0x95ad61b0a150d79219dcf64e1e6cc01f0b64c4ce,2023-08-24 13:20:02.920200
14,11419,Toncoin,TON,toncoin,128,2021-08-26T13:40:22.000Z,"['pos', 'toncoin-ecosystem']",,3431892087.62,5047558528.0,True,,15,3414166606.0,4870628943.242854,,2023-08-24T11:18:00.000Z,1.426593809066989,29200170.22987096,-3.74,-0.02713241,2.6625744,1.05989054,1.75930281,-3.53428276,-24.77060922,4895916005.584676,0.4597,7200815746.95,,2023-08-24T11:18:00.000Z,,,,,,2023-08-24 13:20:02.920200
0,1,Bitcoin,BTC,bitcoin,10395,2010-07-13T00:00:00.000Z,"['mineable', 'pow', 'sha-256', 'store-of-value', 'state-channel', 'coinbase-ventures-portfolio', 'three-arrows-capital-portfolio', 'polychain-capital-portfolio', 'binance-labs-portfolio', 'blockchain-capital-portfolio', 'boostvc-portfolio', 'cms-holdings-portfolio', 'dcg-portfolio', 'dragonfly-capital-portfolio', 'electric-capital-portfolio', 'fabric-ventures-portfolio', 'framework-ventures-portfolio', 'galaxy-digital-portfolio', 'huobi-capital-portfolio', 'alameda-research-portfolio', 'a16z-portfolio', '1confirmation-portfolio', 'winklevoss-capital-portfolio', 'usv-portfolio', 'placeholder-ventures-portfolio', 'pantera-capital-portfolio', 'multicoin-capital-portfolio', 'paradigm-portfolio', 'bitcoin-ecosystem']",21000000.0,19466518.0,19466518.0,False,,1,,,,2023-08-24T11:18:00.000Z,26504.913942952444,16258807830.173018,1.67,0.2993956,2.29467557,-6.87875246,-9.10089731,-13.46933825,0.20650684,515958384358.9347,48.4316,556603192802.0,,2023-08-24T11:18:00.000Z,,,,,,2023-08-24 13:20:48.677759
1,1027,Ethereum,ETH,ethereum,7240,2015-08-07T00:00:00.000Z,"['pos', 'smart-contracts', 'ethereum-ecosystem', 'coinbase-ventures-portfolio', 'three-arrows-capital-portfolio', 'polychain-capital-portfolio', 'binance-labs-portfolio', 'blockchain-capital-portfolio', 'boostvc-portfolio', 'cms-holdings-portfolio', 'dcg-portfolio', 'dragonfly-capital-portfolio', 'electric-capital-portfolio', 'fabric-ventures-portfolio', 'framework-ventures-portfolio', 'hashkey-capital-portfolio', 'kenetic-capital-portfolio', 'huobi-capital-portfolio', 'alameda-research-portfolio', 'a16z-portfolio', '1confirmation-portfolio', 'winklevoss-capital-portfolio', 'usv-portfolio', 'placeholder-ventures-portfolio', 'pantera-capital-portfolio', 'multicoin-capital-portfolio', 'paradigm-portfolio', 'injective-ecosystem', 'layer-1']",,120214161.66680141,120214161.66680141,True,,2,,,,2023-08-24T11:18:00.000Z,1671.8376296755685,6389396774.623031,-21.8112,0.2633817,1.92211323,-6.24813217,-9.83014392,-12.75298799,-7.8527498,200978559094.46085,18.8691,200978559094.46,,2023-08-24T11:18:00.000Z,,,,,,2023-08-24 13:20:48.677759
2,825,Tether USDt,USDT,tether,59940,2015-02-25T00:00:00.000Z,"['payments', 'stablecoin', 'asset-backed-stablecoin', 'avalanche-ecosystem', 'solana-ecosystem', 'arbitrum-ecosytem', 'moonriver-ecosystem', 'injective-ecosystem', 'bnb-chain', 'usd-stablecoin', 'optimism-ecosystem']",,82845776808.28703,85484257711.71176,True,,3,,,,2023-08-24T11:18:00.000Z,0.9996039120954887,23782665412.994644,-8.4541,-0.00723935,-0.00983449,0.07743672,-0.04634809,-0.05260558,-0.0484523,82812962598.15343,7.7724,85450398431.21,,2023-08-24T11:18:00.000Z,1027.0,Ethereum,ETH,ethereum,0xdac17f958d2ee523a2206206994597c13d831ec7,2023-08-24 13:20:48.677759
3,1839,BNB,BNB,bnb,1575,2017-07-25T00:00:00.000Z,"['marketplace', 'centralized-exchange', 'payments', 'smart-contracts', 'alameda-research-portfolio', 'multicoin-capital-portfolio', 'bnb-chain', 'layer-1', 'sec-security-token', 'alleged-sec-securities', 'celsius-bankruptcy-estate']",,153837097.73642442,153837097.73642442,False,,4,,,,2023-08-24T11:18:00.000Z,220.17158012673792,477430616.49895144,-33.3974,0.42538489,2.6000526,-4.39322952,-7.39309737,-8.07150448,-28.15306054,33870556890.739983,3.18,33870556890.74,,2023-08-24T11:18:00.000Z,,,,,,2023-08-24 13:20:48.677759
4,52,XRP,XRP,xrp,1035,2013-08-04T00:00:00.000Z,"['medium-of-exchange', 'enterprise-solutions', 'arrington-xrp-capital-portfolio', 'galaxy-digital-portfolio', 'a16z-portfolio', 'pantera-capital-portfolio']",100000000000.0,52914193551.0,99988485729.0,False,,5,,,,2023-08-24T11:18:00.000Z,0.5251509976439044,979660461.0814921,-16.279,0.3410238,1.21866231,-10.09223906,-23.73001992,6.61170828,13.03960425,27787941532.830303,2.608,52515099764.39,,2023-08-24T11:18:00.000Z,,,,,,2023-08-24 13:20:48.677759
5,3408,USD Coin,USDC,usd-coin,13707,2018-10-08T00:00:00.000Z,"['medium-of-exchange', 'stablecoin', 'asset-backed-stablecoin', 'hedera-hashgraph-ecosystem', 'fantom-ecosystem', 'arbitrum-ecosytem', 'moonriver-ecosystem', 'bnb-chain', 'usd-stablecoin', 'optimism-ecosystem']",,25982215049.947166,25982215049.947166,False,,6,,,,2023-08-24T11:18:00.000Z,0.9998895870144883,3582660109.913966,-9.9713,-0.01084223,-0.02120813,-0.02312886,-0.03378275,-0.00116994,-0.0198002,25979346276.013294,2.4391,25979346276.01,,2023-08-24T11:18:00.000Z,1027.0,Ethereum,ETH,ethereum,0xa0b86991c6218b36c1d19d4a2e9eb0ce3606eb48,2023-08-24 13:20:48.677759
6,2010,Cardano,ADA,cardano,893,2017-10-01T00:00:00.000Z,"['dpos', 'pos', 'platform', 'research', 'smart-contracts', 'staking', 'cardano-ecosystem', 'cardano', 'layer-1', 'sec-security-token', 'alleged-sec-securities']",45000000000.0,35058135629.451,36107356400.571,False,,7,,,,2023-08-24T11:18:00.000Z,0.2672948219352871,189109585.3789668,-11.7269,0.23383934,2.93712875,-2.84079788,-12.12897735,-10.01501426,-25.17870597,9370858120.457249,0.8798,12028266987.09,,2023-08-24T11:18:00.000Z,,,,,,2023-08-24 13:20:48.677759
7,74,Dogecoin,DOGE,dogecoin,770,2013-12-15T00:00:00.000Z,"['mineable', 'pow', 'scrypt', 'medium-of-exchange', 'memes', 'payments', 'doggone-doggerel', 'bnb-chain']",,140719576383.70523,140719576383.70523,True,,8,,,,2023-08-24T11:18:00.000Z,0.06361817999927186,232405454.81888592,-27.3897,0.2393458,0.44715746,-5.01195531,-18.55615831,-5.7609957,-10.14395171,8952323339.799845,0.8405,8952323339.8,,2023-08-24T11:18:00.000Z,,,,,,2023-08-24 13:20:48.677759
8,5426,Solana,SOL,solana,499,2020-04-10T00:00:00.000Z,"['pos', 'platform', 'solana-ecosystem', 'cms-holdings-portfolio', 'kenetic-capital-portfolio', 'alameda-research-portfolio', 'multicoin-capital-portfolio', 'okex-blockdream-ventures-portfolio', 'layer-1', 'ftx-bankruptcy-estate', 'sec-security-token', 'alleged-sec-securities']",,407771011.2393265,555640955.9542782,True,,9,,,,2023-08-24T11:18:00.000Z,21.79438518301066,398354370.97584456,-4.2485,0.7132452,5.38509378,-5.28860698,-6.05849144,27.1796739,12.96907903,8887118485.415651,0.8344,12109853017.52,,2023-08-24T11:18:00.000Z,,,,,,2023-08-24 13:20:48.677759
9,1958,TRON,TRX,tron,809,2017-09-13T00:00:00.000Z,"['media', 'payments', 'tron-ecosystem', 'sec-security-token', 'alleged-sec-securities']",,89389997306.17975,89390061696.86615,True,,10,71659659264.0,5563896824.734855,,2023-08-24T11:18:00.000Z,0.07764336143766756,183512985.88989192,3.867,0.14657156,1.69073564,3.77508079,-3.83721706,5.61438001,2.0845197,6940539869.755844,0.6515,6940544869.27,,2023-08-24T11:18:00.000Z,,,,,,2023-08-24 13:20:48.677759
10,6636,Polkadot,DOT,polkadot-new,554,2020-08-19T00:00:00.000Z,"['substrate', 'polkadot', 'binance-chain', 'polkadot-ecosystem', 'three-arrows-capital-portfolio', 'polychain-capital-portfolio', 'arrington-xrp-capital-portfolio', 'blockchain-capital-portfolio', 'boostvc-portfolio', 'cms-holdings-portfolio', 'coinfund-portfolio', 'fabric-ventures-portfolio', 'fenbushi-capital-portfolio', 'hashkey-capital-portfolio', 'kenetic-capital-portfolio', '1confirmation-portfolio', 'placeholder-ventures-portfolio', 'pantera-capital-portfolio', 'exnetwork-capital-portfolio', 'web3', 'spartan-group', 'injective-ecosystem', 'bnb-chain', 'layer-1']",,1216003382.1753688,1348262739.4805486,True,,11,,,,2023-08-24T11:18:00.000Z,4.483028858064217,99177799.64614713,-6.012,0.17856662,1.63954633,-6.02126648,-13.58908611,-13.39339602,-14.29172257,5451378253.795869,0.5118,6044300769.34,,2023-08-24T11:18:00.000Z,,,,,,2023-08-24 13:20:48.677759
11,4943,Dai,DAI,multi-collateral-dai,2521,2019-11-22T00:00:00.000Z,"['defi', 'stablecoin', 'asset-backed-stablecoin', 'ethereum-ecosystem', 'avalanche-ecosystem', 'polygon-ecosystem', 'fantom-ecosystem', 'arbitrum-ecosytem', 'harmony-ecosystem', 'moonriver-ecosystem', 'bnb-chain', 'usd-stablecoin', 'optimism-ecosystem']",,5347888595.7464075,5347888595.7464075,True,,12,,,,2023-08-24T11:18:00.000Z,0.9996418142277448,119674473.3834152,-9.9431,0.05943281,0.05094296,0.1130964,0.00785987,0.01101501,-0.00975816,5345973058.139805,0.5019,5345973058.14,,2023-08-24T11:18:00.000Z,1027.0,Ethereum,ETH,ethereum,0x6b175474e89094c44da98b954eedeac495271d0f,2023-08-24 13:20:48.677759
12,3890,Polygon,MATIC,polygon,814,2019-04-28T00:00:00.000Z,"['pos', 'platform', 'enterprise-solutions', 'zero-knowledge-proofs', 'scaling', 'state-channel', 'coinbase-ventures-portfolio', 'layer-2', 'binance-launchpad', 'binance-labs-portfolio', 'polygon-ecosystem', 'moonriver-ecosystem', 'injective-ecosystem', 'sec-security-token', 'alleged-sec-securities']",10000000000.0,9319469069.28493,10000000000.0,False,,13,,,,2023-08-24T11:18:00.000Z,0.5563104993209027,272788364.7398427,-18.5543,0.33654995,1.01023736,-8.87524092,-22.88590174,-16.88665004,-37.9853813,5184518491.339607,0.4868,5563104993.21,,2023-08-24T11:18:00.000Z,,,,,,2023-08-24 13:20:48.677759
13,5994,Shiba Inu,SHIB,shiba-inu,610,2020-08-01T00:00:00.000Z,"['memes', 'ethereum-ecosystem', 'doggone-doggerel']",,589346914631298.1,589589040239379.6,False,,14,,,,2023-08-24T11:18:00.000Z,8.319379834707875e-06,170692761.93588793,-17.669,0.67399457,0.74285395,-6.25562952,6.62458115,4.92639129,-1.97134578,4903000837.230926,0.4603,4905015172.13,,2023-08-24T11:18:00.000Z,1027.0,Ethereum,ETH,ethereum,0x95ad61b0a150d79219dcf64e1e6cc01f0b64c4ce,2023-08-24 13:20:48.677759
14,11419,Toncoin,TON,toncoin,128,2021-08-26T13:40:22.000Z,"['pos', 'toncoin-ecosystem']",,3431892087.62,5047558528.0,True,,15,3414166606.0,4870628943.242854,,2023-08-24T11:18:00.000Z,1.426593809066989,29200170.22987096,-3.74,-0.02713241,2.6625744,1.05989054,1.75930281,-3.53428276,-24.77060922,4895916005.584676,0.4597,7200815746.95,,2023-08-24T11:18:00.000Z,,,,,,2023-08-24 13:20:48.677759
0,1,Bitcoin,BTC,bitcoin,10395,2010-07-13T00:00:00.000Z,"['mineable', 'pow', 'sha-256', 'store-of-value', 'state-channel', 'coinbase-ventures-portfolio', 'three-arrows-capital-portfolio', 'polychain-capital-portfolio', 'binance-labs-portfolio', 'blockchain-capital-portfolio', 'boostvc-portfolio', 'cms-holdings-portfolio', 'dcg-portfolio', 'dragonfly-capital-portfolio', 'electric-capital-portfolio', 'fabric-ventures-portfolio', 'framework-ventures-portfolio', 'galaxy-digital-portfolio', 'huobi-capital-portfolio', 'alameda-research-portfolio', 'a16z-portfolio', '1confirmation-portfolio', 'winklevoss-capital-portfolio', 'usv-portfolio', 'placeholder-ventures-portfolio', 'pantera-capital-portfolio', 'multicoin-capital-portfolio', 'paradigm-portfolio', 'bitcoin-ecosystem']",21000000.0,19466518.0,19466518.0,False,,1,,,,2023-08-24T11:18:00.000Z,26504.913942952444,16258807830.173018,1.67,0.2993956,2.29467557,-6.87875246,-9.10089731,-13.46933825,0.20650684,515958384358.9347,48.4316,556603192802.0,,2023-08-24T11:18:00.000Z,,,,,,2023-08-24 13:20:48.677759
1,1027,Ethereum,ETH,ethereum,7240,2015-08-07T00:00:00.000Z,"['pos', 'smart-contracts', 'ethereum-ecosystem', 'coinbase-ventures-portfolio', 'three-arrows-capital-portfolio', 'polychain-capital-portfolio', 'binance-labs-portfolio', 'blockchain-capital-portfolio', 'boostvc-portfolio', 'cms-holdings-portfolio', 'dcg-portfolio', 'dragonfly-capital-portfolio', 'electric-capital-portfolio', 'fabric-ventures-portfolio', 'framework-ventures-portfolio', 'hashkey-capital-portfolio', 'kenetic-capital-portfolio', 'huobi-capital-portfolio', 'alameda-research-portfolio', 'a16z-portfolio', '1confirmation-portfolio', 'winklevoss-capital-portfolio', 'usv-portfolio', 'placeholder-ventures-portfolio', 'pantera-capital-portfolio', 'multicoin-capital-portfolio', 'paradigm-portfolio', 'injective-ecosystem', 'layer-1']",,120214161.66680141,120214161.66680141,True,,2,,,,2023-08-24T11:18:00.000Z,1671.8376296755685,6389396774.623031,-21.8112,0.2633817,1.92211323,-6.24813217,-9.83014392,-12.75298799,-7.8527498,200978559094.46085,18.8691,200978559094.46,,2023-08-24T11:18:00.000Z,,,,,,2023-08-24 13:20:48.677759
2,825,Tether USDt,USDT,tether,59940,2015-02-25T00:00:00.000Z,"['payments', 'stablecoin', 'asset-backed-stablecoin', 'avalanche-ecosystem', 'solana-ecosystem', 'arbitrum-ecosytem', 'moonriver-ecosystem', 'injective-ecosystem', 'bnb-chain', 'usd-stablecoin', 'optimism-ecosystem']",,82845776808.28703,85484257711.71176,True,,3,,,,2023-08-24T11:18:00.000Z,0.9996039120954887,23782665412.994644,-8.4541,-0.00723935,-0.00983449,0.07743672,-0.04634809,-0.05260558,-0.0484523,82812962598.15343,7.7724,85450398431.21,,2023-08-24T11:18:00.000Z,1027.0,Ethereum,ETH,ethereum,0xdac17f958d2ee523a2206206994597c13d831ec7,2023-08-24 13:20:48.677759
3,1839,BNB,BNB,bnb,1575,2017-07-25T00:00:00.000Z,"['marketplace', 'centralized-exchange', 'payments', 'smart-contracts', 'alameda-research-portfolio', 'multicoin-capital-portfolio', 'bnb-chain', 'layer-1', 'sec-security-token', 'alleged-sec-securities', 'celsius-bankruptcy-estate']",,153837097.73642442,153837097.73642442,False,,4,,,,2023-08-24T11:18:00.000Z,220.17158012673792,477430616.49895144,-33.3974,0.42538489,2.6000526,-4.39322952,-7.39309737,-8.07150448,-28.15306054,33870556890.739983,3.18,33870556890.74,,2023-08-24T11:18:00.000Z,,,,,,2023-08-24 13:20:48.677759
4,52,XRP,XRP,xrp,1035,2013-08-04T00:00:00.000Z,"['medium-of-exchange', 'enterprise-solutions', 'arrington-xrp-capital-portfolio', 'galaxy-digital-portfolio', 'a16z-portfolio', 'pantera-capital-portfolio']",100000000000.0,52914193551.0,99988485729.0,False,,5,,,,2023-08-24T11:18:00.000Z,0.5251509976439044,979660461.0814921,-16.279,0.3410238,1.21866231,-10.09223906,-23.73001992,6.61170828,13.03960425,27787941532.830303,2.608,52515099764.39,,2023-08-24T11:18:00.000Z,,,,,,2023-08-24 13:20:48.677759
5,3408,USD Coin,USDC,usd-coin,13707,2018-10-08T00:00:00.000Z,"['medium-of-exchange', 'stablecoin', 'asset-backed-stablecoin', 'hedera-hashgraph-ecosystem', 'fantom-ecosystem', 'arbitrum-ecosytem', 'moonriver-ecosystem', 'bnb-chain', 'usd-stablecoin', 'optimism-ecosystem']",,25982215049.947166,25982215049.947166,False,,6,,,,2023-08-24T11:18:00.000Z,0.9998895870144883,3582660109.913966,-9.9713,-0.01084223,-0.02120813,-0.02312886,-0.03378275,-0.00116994,-0.0198002,25979346276.013294,2.4391,25979346276.01,,2023-08-24T11:18:00.000Z,1027.0,Ethereum,ETH,ethereum,0xa0b86991c6218b36c1d19d4a2e9eb0ce3606eb48,2023-08-24 13:20:48.677759
6,2010,Cardano,ADA,cardano,893,2017-10-01T00:00:00.000Z,"['dpos', 'pos', 'platform', 'research', 'smart-contracts', 'staking', 'cardano-ecosystem', 'cardano', 'layer-1', 'sec-security-token', 'alleged-sec-securities']",45000000000.0,35058135629.451,36107356400.571,False,,7,,,,2023-08-24T11:18:00.000Z,0.2672948219352871,189109585.3789668,-11.7269,0.23383934,2.93712875,-2.84079788,-12.12897735,-10.01501426,-25.17870597,9370858120.457249,0.8798,12028266987.09,,2023-08-24T11:18:00.000Z,,,,,,2023-08-24 13:20:48.677759
7,74,Dogecoin,DOGE,dogecoin,770,2013-12-15T00:00:00.000Z,"['mineable', 'pow', 'scrypt', 'medium-of-exchange', 'memes', 'payments', 'doggone-doggerel', 'bnb-chain']",,140719576383.70523,140719576383.70523,True,,8,,,,2023-08-24T11:18:00.000Z,0.06361817999927186,232405454.81888592,-27.3897,0.2393458,0.44715746,-5.01195531,-18.55615831,-5.7609957,-10.14395171,8952323339.799845,0.8405,8952323339.8,,2023-08-24T11:18:00.000Z,,,,,,2023-08-24 13:20:48.677759
8,5426,Solana,SOL,solana,499,2020-04-10T00:00:00.000Z,"['pos', 'platform', 'solana-ecosystem', 'cms-holdings-portfolio', 'kenetic-capital-portfolio', 'alameda-research-portfolio', 'multicoin-capital-portfolio', 'okex-blockdream-ventures-portfolio', 'layer-1', 'ftx-bankruptcy-estate', 'sec-security-token', 'alleged-sec-securities']",,407771011.2393265,555640955.9542782,True,,9,,,,2023-08-24T11:18:00.000Z,21.79438518301066,398354370.97584456,-4.2485,0.7132452,5.38509378,-5.28860698,-6.05849144,27.1796739,12.96907903,8887118485.415651,0.8344,12109853017.52,,2023-08-24T11:18:00.000Z,,,,,,2023-08-24 13:20:48.677759
9,1958,TRON,TRX,tron,809,2017-09-13T00:00:00.000Z,"['media', 'payments', 'tron-ecosystem', 'sec-security-token', 'alleged-sec-securities']",,89389997306.17975,89390061696.86615,True,,10,71659659264.0,5563896824.734855,,2023-08-24T11:18:00.000Z,0.07764336143766756,183512985.88989192,3.867,0.14657156,1.69073564,3.77508079,-3.83721706,5.61438001,2.0845197,6940539869.755844,0.6515,6940544869.27,,2023-08-24T11:18:00.000Z,,,,,,2023-08-24 13:20:48.677759
10,6636,Polkadot,DOT,polkadot-new,554,2020-08-19T00:00:00.000Z,"['substrate', 'polkadot', 'binance-chain', 'polkadot-ecosystem', 'three-arrows-capital-portfolio', 'polychain-capital-portfolio', 'arrington-xrp-capital-portfolio', 'blockchain-capital-portfolio', 'boostvc-portfolio', 'cms-holdings-portfolio', 'coinfund-portfolio', 'fabric-ventures-portfolio', 'fenbushi-capital-portfolio', 'hashkey-capital-portfolio', 'kenetic-capital-portfolio', '1confirmation-portfolio', 'placeholder-ventures-portfolio', 'pantera-capital-portfolio', 'exnetwork-capital-portfolio', 'web3', 'spartan-group', 'injective-ecosystem', 'bnb-chain', 'layer-1']",,1216003382.1753688,1348262739.4805486,True,,11,,,,2023-08-24T11:18:00.000Z,4.483028858064217,99177799.64614713,-6.012,0.17856662,1.63954633,-6.02126648,-13.58908611,-13.39339602,-14.29172257,5451378253.795869,0.5118,6044300769.34,,2023-08-24T11:18:00.000Z,,,,,,2023-08-24 13:20:48.677759
11,4943,Dai,DAI,multi-collateral-dai,2521,2019-11-22T00:00:00.000Z,"['defi', 'stablecoin', 'asset-backed-stablecoin', 'ethereum-ecosystem', 'avalanche-ecosystem', 'polygon-ecosystem', 'fantom-ecosystem', 'arbitrum-ecosytem', 'harmony-ecosystem', 'moonriver-ecosystem', 'bnb-chain', 'usd-stablecoin', 'optimism-ecosystem']",,5347888595.7464075,5347888595.7464075,True,,12,,,,2023-08-24T11:18:00.000Z,0.9996418142277448,119674473.3834152,-9.9431,0.05943281,0.05094296,0.1130964,0.00785987,0.01101501,-0.00975816,5345973058.139805,0.5019,5345973058.14,,2023-08-24T11:18:00.000Z,1027.0,Ethereum,ETH,ethereum,0x6b175474e89094c44da98b954eedeac495271d0f,2023-08-24 13:20:48.677759
12,3890,Polygon,MATIC,polygon,814,2019-04-28T00:00:00.000Z,"['pos', 'platform', 'enterprise-solutions', 'zero-knowledge-proofs', 'scaling', 'state-channel', 'coinbase-ventures-portfolio', 'layer-2', 'binance-launchpad', 'binance-labs-portfolio', 'polygon-ecosystem', 'moonriver-ecosystem', 'injective-ecosystem', 'sec-security-token', 'alleged-sec-securities']",10000000000.0,9319469069.28493,10000000000.0,False,,13,,,,2023-08-24T11:18:00.000Z,0.5563104993209027,272788364.7398427,-18.5543,0.33654995,1.01023736,-8.87524092,-22.88590174,-16.88665004,-37.9853813,5184518491.339607,0.4868,5563104993.21,,2023-08-24T11:18:00.000Z,,,,,,2023-08-24 13:20:48.677759
13,5994,Shiba Inu,SHIB,shiba-inu,610,2020-08-01T00:00:00.000Z,"['memes', 'ethereum-ecosystem', 'doggone-doggerel']",,589346914631298.1,589589040239379.6,False,,14,,,,2023-08-24T11:18:00.000Z,8.319379834707875e-06,170692761.93588793,-17.669,0.67399457,0.74285395,-6.25562952,6.62458115,4.92639129,-1.97134578,4903000837.230926,0.4603,4905015172.13,,2023-08-24T11:18:00.000Z,1027.0,Ethereum,ETH,ethereum,0x95ad61b0a150d79219dcf64e1e6cc01f0b64c4ce,2023-08-24 13:20:48.677759
14,11419,Toncoin,TON,toncoin,128,2021-08-26T13:40:22.000Z,"['pos', 'toncoin-ecosystem']",,3431892087.62,5047558528.0,True,,15,3414166606.0,4870628943.242854,,2023-08-24T11:18:00.000Z,1.426593809066989,29200170.22987096,-3.74,-0.02713241,2.6625744,1.05989054,1.75930281,-3.53428276,-24.77060922,4895916005.584676,0.4597,7200815746.95,,2023-08-24T11:18:00.000Z,,,,,,2023-08-24 13:20:48.677759
0,1,Bitcoin,BTC,bitcoin,10414,2010-07-13T00:00:00.000Z,"['mineable', 'pow', 'sha-256', 'store-of-value', 'state-channel', 'coinbase-ventures-portfolio', 'three-arrows-capital-portfolio', 'polychain-capital-portfolio', 'binance-labs-portfolio', 'blockchain-capital-portfolio', 'boostvc-portfolio', 'cms-holdings-portfolio', 'dcg-portfolio', 'dragonfly-capital-portfolio', 'electric-capital-portfolio', 'fabric-ventures-portfolio', 'framework-ventures-portfolio', 'galaxy-digital-portfolio', 'huobi-capital-portfolio', 'alameda-research-portfolio', 'a16z-portfolio', '1confirmation-portfolio', 'winklevoss-capital-portfolio', 'usv-portfolio', 'placeholder-ventures-portfolio', 'pantera-capital-portfolio', 'multicoin-capital-portfolio', 'paradigm-portfolio', 'bitcoin-ecosystem']",21000000.0,19468556.0,19468556.0,False,,1,,,,2023-08-26T20:46:00.000Z,26018.077727560933,6266648382.364835,-50.7894,-0.03870556,0.0370468,-0.16769462,-10.70705709,-14.96692519,-5.66376752,506534403251.37274,48.2953,546379632278.78,,2023-08-26T20:46:00.000Z,,,,,,2023-08-26 22:48:02.866918
1,1027,Ethereum,ETH,ethereum,7261,2015-08-07T00:00:00.000Z,"['pos', 'smart-contracts', 'ethereum-ecosystem', 'coinbase-ventures-portfolio', 'three-arrows-capital-portfolio', 'polychain-capital-portfolio', 'binance-labs-portfolio', 'blockchain-capital-portfolio', 'boostvc-portfolio', 'cms-holdings-portfolio', 'dcg-portfolio', 'dragonfly-capital-portfolio', 'electric-capital-portfolio', 'fabric-ventures-portfolio', 'framework-ventures-portfolio', 'hashkey-capital-portfolio', 'kenetic-capital-portfolio', 'huobi-capital-portfolio', 'alameda-research-portfolio', 'a16z-portfolio', '1confirmation-portfolio', 'winklevoss-capital-portfolio', 'usv-portfolio', 'placeholder-ventures-portfolio', 'pantera-capital-portfolio', 'multicoin-capital-portfolio', 'paradigm-portfolio', 'injective-ecosystem', 'layer-1']",,120216173.39680196,120216173.39680196,True,,2,,,,2023-08-26T20:46:00.000Z,1645.8055193364182,2659264531.711814,-51.7507,0.01245281,-0.04924568,-1.46239309,-11.46973612,-12.83421211,-11.19868881,197852441689.96057,18.8654,197852441689.96,,2023-08-26T20:46:00.000Z,,,,,,2023-08-26 22:48:02.866918
2,825,Tether USDt,USDT,tether,60025,2015-02-25T00:00:00.000Z,"['payments', 'stablecoin', 'asset-backed-stablecoin', 'avalanche-ecosystem', 'solana-ecosystem', 'arbitrum-ecosytem', 'moonriver-ecosystem', 'injective-ecosystem', 'bnb-chain', 'usd-stablecoin', 'optimism-ecosystem']",,82851601095.74326,85439257711.57307,True,,3,,,,2023-08-26T20:46:00.000Z,0.9995738634336718,11714411741.541069,-43.1573,0.00276459,0.01190718,-0.04921783,-0.02356386,-0.04533227,-0.07048956,82816294998.93753,7.8966,85402848919.66,,2023-08-26T20:46:00.000Z,1027.0,Ethereum,ETH,ethereum,0xdac17f958d2ee523a2206206994597c13d831ec7,2023-08-26 22:48:02.866918
3,1839,BNB,BNB,bnb,1576,2017-07-25T00:00:00.000Z,"['marketplace', 'centralized-exchange', 'payments', 'smart-contracts', 'alameda-research-portfolio', 'multicoin-capital-portfolio', 'bnb-chain', 'layer-1', 'sec-security-token', 'alleged-sec-securities', 'celsius-bankruptcy-estate']",,153851023.0469446,153851023.0469446,False,,4,,,,2023-08-26T20:46:00.000Z,216.41860045755794,285095252.19996494,-32.5257,-0.10164529,-0.52568651,0.14962831,-9.86368222,-9.30165938,-30.00224015,33296223086.78324,3.1748,33296223086.78,,2023-08-26T20:46:00.000Z,,,,,,2023-08-26 22:48:02.866918
4,52,XRP,XRP,xrp,1040,2013-08-04T00:00:00.000Z,"['medium-of-exchange', 'enterprise-solutions', 'arrington-xrp-capital-portfolio', 'galaxy-digital-portfolio', 'a16z-portfolio', 'pantera-capital-portfolio']",100000000000.0,52914193551.0,99988485729.0,False,,5,,,,2023-08-26T20:46:00.000Z,0.5257236764398682,569235673.5166235,-46.7391,0.02555645,0.27607903,1.99964234,-26.0701723,8.96031408,10.01640845,27818244369.482483,2.6525,52572367643.99,,2023-08-26T20:46:00.000Z,,,,,,2023-08-26 22:48:02.866918
5,3408,USD Coin,USDC,usd-coin,13720,2018-10-08T00:00:00.000Z,"['medium-of-exchange', 'stablecoin', 'asset-backed-stablecoin', 'hedera-hashgraph-ecosystem', 'fantom-ecosystem', 'arbitrum-ecosytem', 'moonriver-ecosystem', 'bnb-chain', 'usd-stablecoin', 'optimism-ecosystem']",,26012674640.210697,26012674640.210697,False,,6,,,,2023-08-26T20:46:00.000Z,1.0001173858257095,1585717724.8392944,-45.8624,0.01210389,0.00234986,-0.00327065,0.01697242,0.02922881,0.01405526,26015728159.50225,2.4805,26015728159.5,,2023-08-26T20:46:00.000Z,1027.0,Ethereum,ETH,ethereum,0xa0b86991c6218b36c1d19d4a2e9eb0ce3606eb48,2023-08-26 22:48:02.866918
6,2010,Cardano,ADA,cardano,900,2017-10-01T00:00:00.000Z,"['dpos', 'pos', 'platform', 'research', 'smart-contracts', 'staking', 'cardano-ecosystem', 'cardano', 'layer-1', 'sec-security-token', 'alleged-sec-securities']",45000000000.0,35060270283.097,36107356400.571,False,,7,,,,2023-08-26T20:46:00.000Z,0.2608074187007812,131312961.740646,-42.8893,0.07344365,0.34728428,-2.51962782,-15.01722269,-8.8475399,-31.00942378,9143978591.486237,0.8718,11736333841.54,,2023-08-26T20:46:00.000Z,,,,,,2023-08-26 22:48:02.866918
7,74,Dogecoin,DOGE,dogecoin,771,2013-12-15T00:00:00.000Z,"['mineable', 'pow', 'scrypt', 'medium-of-exchange', 'memes', 'payments', 'doggone-doggerel', 'bnb-chain']",,140751886383.70526,140751886383.70526,True,,8,,,,2023-08-26T20:46:00.000Z,0.06279330711149043,133317326.7227165,-36.1773,-0.14039088,0.20169432,-0.86365514,-18.45048888,-4.11269812,-13.84771999,8838276428.213614,0.8427,8838276428.21,,2023-08-26T20:46:00.000Z,,,,,,2023-08-26 22:48:02.866918
8,5426,Solana,SOL,solana,499,2020-04-10T00:00:00.000Z,"['pos', 'platform', 'solana-ecosystem', 'cms-holdings-portfolio', 'kenetic-capital-portfolio', 'alameda-research-portfolio', 'multicoin-capital-portfolio', 'okex-blockdream-ventures-portfolio', 'layer-1', 'ftx-bankruptcy-estate', 'sec-security-token', 'alleged-sec-securities']",,407892355.7569382,555817477.9516866,True,,9,,,,2023-08-26T20:46:00.000Z,20.303844339577385,161012452.3108963,-41.6368,0.02742213,0.31700706,-6.7975245,-18.32225211,21.80746866,-2.53722146,8281782898.592395,0.7896,11285231553.55,,2023-08-26T20:46:00.000Z,,,,,,2023-08-26 22:48:02.866918
9,1958,TRON,TRX,tron,813,2017-09-13T00:00:00.000Z,"['media', 'payments', 'tron-ecosystem', 'sec-security-token', 'alleged-sec-securities']",,89370293148.08273,89370299055.14879,True,,10,71659659264.0,5548786045.76657,,2023-08-26T20:46:00.000Z,0.0774324927407817,123429797.42148317,-30.4377,-0.03607492,0.76118524,4.7738761,-6.05571186,3.84783208,0.59070135,6920164575.4304495,0.6598,6920165032.83,,2023-08-26T20:46:00.000Z,,,,,,2023-08-26 22:48:02.866918
10,6636,Polkadot,DOT,polkadot-new,561,2020-08-19T00:00:00.000Z,"['substrate', 'polkadot', 'binance-chain', 'polkadot-ecosystem', 'three-arrows-capital-portfolio', 'polychain-capital-portfolio', 'arrington-xrp-capital-portfolio', 'blockchain-capital-portfolio', 'boostvc-portfolio', 'cms-holdings-portfolio', 'coinfund-portfolio', 'fabric-ventures-portfolio', 'fenbushi-capital-portfolio', 'hashkey-capital-portfolio', 'kenetic-capital-portfolio', '1confirmation-portfolio', 'placeholder-ventures-portfolio', 'pantera-capital-portfolio', 'exnetwork-capital-portfolio', 'web3', 'spartan-group', 'injective-ecosystem', 'bnb-chain', 'layer-1']",,1222521047.5071163,1349280384.8122962,True,,11,,,,2023-08-26T20:46:00.000Z,4.49738141322266,64449245.41450814,-33.9847,-0.09495628,0.94877373,-0.5915922,-13.57730376,-11.82383222,-17.57938488,5498143436.332002,0.5242,6068228523.88,,2023-08-26T20:46:00.000Z,,,,,,2023-08-26 22:48:02.866918
11,4943,Dai,DAI,multi-collateral-dai,2532,2019-11-22T00:00:00.000Z,"['defi', 'stablecoin', 'asset-backed-stablecoin', 'ethereum-ecosystem', 'avalanche-ecosystem', 'polygon-ecosystem', 'fantom-ecosystem', 'arbitrum-ecosytem', 'harmony-ecosystem', 'moonriver-ecosystem', 'bnb-chain', 'usd-stablecoin', 'optimism-ecosystem']",,5347888595.7464075,5347888595.7464075,True,,12,,,,2023-08-26T20:46:00.000Z,0.9997168905451322,50418620.60802469,-34.4083,0.02006206,0.01423316,0.0301712,0.04369953,0.0348978,-0.03116112,5346374557.921372,0.5097,5346374557.92,,2023-08-26T20:46:00.000Z,1027.0,Ethereum,ETH,ethereum,0x6b175474e89094c44da98b954eedeac495271d0f,2023-08-26 22:48:02.866918
12,3890,Polygon,MATIC,polygon,824,2019-04-28T00:00:00.000Z,"['pos', 'platform', 'enterprise-solutions', 'zero-knowledge-proofs', 'scaling', 'state-channel', 'coinbase-ventures-portfolio', 'layer-2', 'binance-launchpad', 'binance-labs-portfolio', 'polygon-ecosystem', 'moonriver-ecosystem', 'injective-ecosystem', 'sec-security-token', 'alleged-sec-securities']",10000000000.0,9319469069.28493,10000000000.0,False,,13,,,,2023-08-26T20:46:00.000Z,0.5464217776891983,192751067.10620245,-31.0662,-0.0507489,0.65791,-4.85953623,-23.63851701,-18.00035058,-41.28930732,5092360855.95817,0.4856,5464217776.89,,2023-08-26T20:46:00.000Z,,,,,,2023-08-26 22:48:02.866918
13,11419,Toncoin,TON,toncoin,130,2021-08-26T13:40:22.000Z,"['pos', 'toncoin-ecosystem']",,3431892087.62,5047558528.0,True,,14,3414166606.0,4980491775.672923,,2023-08-26T20:46:00.000Z,1.4587723302431372,22922283.03538977,-24.3625,-0.12439141,2.25299667,9.36235159,10.42551888,3.89096543,-24.19494175,5006349217.800412,0.4773,7363238715.93,,2023-08-26T20:46:00.000Z,,,,,,2023-08-26 22:48:02.866918
14,2,Litecoin,LTC,litecoin,976,2013-04-28T00:00:00.000Z,"['mineable', 'pow', 'scrypt', 'medium-of-exchange']",84000000.0,73584370.47743528,84000000.0,False,,15,,,,2023-08-26T20:46:00.000Z,65.05049622184399,185122480.2701787,-33.31,-0.00629234,0.12372623,1.9264812,-27.78549317,-26.13014182,-28.05665519,4786699813.729172,0.4564,5464241682.63,,2023-08-26T20:46:00.000Z,,,,,,2023-08-26 22:48:02.866918
0,1,Bitcoin,BTC,bitcoin,10414,2010-07-13T00:00:00.000Z,"['mineable', 'pow', 'sha-256', 'store-of-value', 'state-channel', 'coinbase-ventures-portfolio', 'three-arrows-capital-portfolio', 'polychain-capital-portfolio', 'binance-labs-portfolio', 'blockchain-capital-portfolio', 'boostvc-portfolio', 'cms-holdings-portfolio', 'dcg-portfolio', 'dragonfly-capital-portfolio', 'electric-capital-portfolio', 'fabric-ventures-portfolio', 'framework-ventures-portfolio', 'galaxy-digital-portfolio', 'huobi-capital-portfolio', 'alameda-research-portfolio', 'a16z-portfolio', '1confirmation-portfolio', 'winklevoss-capital-portfolio', 'usv-portfolio', 'placeholder-ventures-portfolio', 'pantera-capital-portfolio', 'multicoin-capital-portfolio', 'paradigm-portfolio', 'bitcoin-ecosystem']",21000000.0,19468556.0,19468556.0,False,,1,,,,2023-08-26T20:46:00.000Z,26018.077727560933,6266648382.364835,-50.7894,-0.03870556,0.0370468,-0.16769462,-10.70705709,-14.96692519,-5.66376752,506534403251.37274,48.2953,546379632278.78,,2023-08-26T20:46:00.000Z,,,,,,2023-08-26 22:48:02.866918
1,1027,Ethereum,ETH,ethereum,7261,2015-08-07T00:00:00.000Z,"['pos', 'smart-contracts', 'ethereum-ecosystem', 'coinbase-ventures-portfolio', 'three-arrows-capital-portfolio', 'polychain-capital-portfolio', 'binance-labs-portfolio', 'blockchain-capital-portfolio', 'boostvc-portfolio', 'cms-holdings-portfolio', 'dcg-portfolio', 'dragonfly-capital-portfolio', 'electric-capital-portfolio', 'fabric-ventures-portfolio', 'framework-ventures-portfolio', 'hashkey-capital-portfolio', 'kenetic-capital-portfolio', 'huobi-capital-portfolio', 'alameda-research-portfolio', 'a16z-portfolio', '1confirmation-portfolio', 'winklevoss-capital-portfolio', 'usv-portfolio', 'placeholder-ventures-portfolio', 'pantera-capital-portfolio', 'multicoin-capital-portfolio', 'paradigm-portfolio', 'injective-ecosystem', 'layer-1']",,120216173.39680196,120216173.39680196,True,,2,,,,2023-08-26T20:46:00.000Z,1645.8055193364182,2659264531.711814,-51.7507,0.01245281,-0.04924568,-1.46239309,-11.46973612,-12.83421211,-11.19868881,197852441689.96057,18.8654,197852441689.96,,2023-08-26T20:46:00.000Z,,,,,,2023-08-26 22:48:02.866918
2,825,Tether USDt,USDT,tether,60025,2015-02-25T00:00:00.000Z,"['payments', 'stablecoin', 'asset-backed-stablecoin', 'avalanche-ecosystem', 'solana-ecosystem', 'arbitrum-ecosytem', 'moonriver-ecosystem', 'injective-ecosystem', 'bnb-chain', 'usd-stablecoin', 'optimism-ecosystem']",,82851601095.74326,85439257711.57307,True,,3,,,,2023-08-26T20:46:00.000Z,0.9995738634336718,11714411741.541069,-43.1573,0.00276459,0.01190718,-0.04921783,-0.02356386,-0.04533227,-0.07048956,82816294998.93753,7.8966,85402848919.66,,2023-08-26T20:46:00.000Z,1027.0,Ethereum,ETH,ethereum,0xdac17f958d2ee523a2206206994597c13d831ec7,2023-08-26 22:48:02.866918
3,1839,BNB,BNB,bnb,1576,2017-07-25T00:00:00.000Z,"['marketplace', 'centralized-exchange', 'payments', 'smart-contracts', 'alameda-research-portfolio', 'multicoin-capital-portfolio', 'bnb-chain', 'layer-1', 'sec-security-token', 'alleged-sec-securities', 'celsius-bankruptcy-estate']",,153851023.0469446,153851023.0469446,False,,4,,,,2023-08-26T20:46:00.000Z,216.41860045755794,285095252.19996494,-32.5257,-0.10164529,-0.52568651,0.14962831,-9.86368222,-9.30165938,-30.00224015,33296223086.78324,3.1748,33296223086.78,,2023-08-26T20:46:00.000Z,,,,,,2023-08-26 22:48:02.866918
4,52,XRP,XRP,xrp,1040,2013-08-04T00:00:00.000Z,"['medium-of-exchange', 'enterprise-solutions', 'arrington-xrp-capital-portfolio', 'galaxy-digital-portfolio', 'a16z-portfolio', 'pantera-capital-portfolio']",100000000000.0,52914193551.0,99988485729.0,False,,5,,,,2023-08-26T20:46:00.000Z,0.5257236764398682,569235673.5166235,-46.7391,0.02555645,0.27607903,1.99964234,-26.0701723,8.96031408,10.01640845,27818244369.482483,2.6525,52572367643.99,,2023-08-26T20:46:00.000Z,,,,,,2023-08-26 22:48:02.866918
5,3408,USD Coin,USDC,usd-coin,13720,2018-10-08T00:00:00.000Z,"['medium-of-exchange', 'stablecoin', 'asset-backed-stablecoin', 'hedera-hashgraph-ecosystem', 'fantom-ecosystem', 'arbitrum-ecosytem', 'moonriver-ecosystem', 'bnb-chain', 'usd-stablecoin', 'optimism-ecosystem']",,26012674640.210697,26012674640.210697,False,,6,,,,2023-08-26T20:46:00.000Z,1.0001173858257095,1585717724.8392944,-45.8624,0.01210389,0.00234986,-0.00327065,0.01697242,0.02922881,0.01405526,26015728159.50225,2.4805,26015728159.5,,2023-08-26T20:46:00.000Z,1027.0,Ethereum,ETH,ethereum,0xa0b86991c6218b36c1d19d4a2e9eb0ce3606eb48,2023-08-26 22:48:02.866918
6,2010,Cardano,ADA,cardano,900,2017-10-01T00:00:00.000Z,"['dpos', 'pos', 'platform', 'research', 'smart-contracts', 'staking', 'cardano-ecosystem', 'cardano', 'layer-1', 'sec-security-token', 'alleged-sec-securities']",45000000000.0,35060270283.097,36107356400.571,False,,7,,,,2023-08-26T20:46:00.000Z,0.2608074187007812,131312961.740646,-42.8893,0.07344365,0.34728428,-2.51962782,-15.01722269,-8.8475399,-31.00942378,9143978591.486237,0.8718,11736333841.54,,2023-08-26T20:46:00.000Z,,,,,,2023-08-26 22:48:02.866918
7,74,Dogecoin,DOGE,dogecoin,771,2013-12-15T00:00:00.000Z,"['mineable', 'pow', 'scrypt', 'medium-of-exchange', 'memes', 'payments', 'doggone-doggerel', 'bnb-chain']",,140751886383.70526,140751886383.70526,True,,8,,,,2023-08-26T20:46:00.000Z,0.06279330711149043,133317326.7227165,-36.1773,-0.14039088,0.20169432,-0.86365514,-18.45048888,-4.11269812,-13.84771999,8838276428.213614,0.8427,8838276428.21,,2023-08-26T20:46:00.000Z,,,,,,2023-08-26 22:48:02.866918
8,5426,Solana,SOL,solana,499,2020-04-10T00:00:00.000Z,"['pos', 'platform', 'solana-ecosystem', 'cms-holdings-portfolio', 'kenetic-capital-portfolio', 'alameda-research-portfolio', 'multicoin-capital-portfolio', 'okex-blockdream-ventures-portfolio', 'layer-1', 'ftx-bankruptcy-estate', 'sec-security-token', 'alleged-sec-securities']",,407892355.7569382,555817477.9516866,True,,9,,,,2023-08-26T20:46:00.000Z,20.303844339577385,161012452.3108963,-41.6368,0.02742213,0.31700706,-6.7975245,-18.32225211,21.80746866,-2.53722146,8281782898.592395,0.7896,11285231553.55,,2023-08-26T20:46:00.000Z,,,,,,2023-08-26 22:48:02.866918
9,1958,TRON,TRX,tron,813,2017-09-13T00:00:00.000Z,"['media', 'payments', 'tron-ecosystem', 'sec-security-token', 'alleged-sec-securities']",,89370293148.08273,89370299055.14879,True,,10,71659659264.0,5548786045.76657,,2023-08-26T20:46:00.000Z,0.0774324927407817,123429797.42148317,-30.4377,-0.03607492,0.76118524,4.7738761,-6.05571186,3.84783208,0.59070135,6920164575.4304495,0.6598,6920165032.83,,2023-08-26T20:46:00.000Z,,,,,,2023-08-26 22:48:02.866918
10,6636,Polkadot,DOT,polkadot-new,561,2020-08-19T00:00:00.000Z,"['substrate', 'polkadot', 'binance-chain', 'polkadot-ecosystem', 'three-arrows-capital-portfolio', 'polychain-capital-portfolio', 'arrington-xrp-capital-portfolio', 'blockchain-capital-portfolio', 'boostvc-portfolio', 'cms-holdings-portfolio', 'coinfund-portfolio', 'fabric-ventures-portfolio', 'fenbushi-capital-portfolio', 'hashkey-capital-portfolio', 'kenetic-capital-portfolio', '1confirmation-portfolio', 'placeholder-ventures-portfolio', 'pantera-capital-portfolio', 'exnetwork-capital-portfolio', 'web3', 'spartan-group', 'injective-ecosystem', 'bnb-chain', 'layer-1']",,1222521047.5071163,1349280384.8122962,True,,11,,,,2023-08-26T20:46:00.000Z,4.49738141322266,64449245.41450814,-33.9847,-0.09495628,0.94877373,-0.5915922,-13.57730376,-11.82383222,-17.57938488,5498143436.332002,0.5242,6068228523.88,,2023-08-26T20:46:00.000Z,,,,,,2023-08-26 22:48:02.866918
11,4943,Dai,DAI,multi-collateral-dai,2532,2019-11-22T00:00:00.000Z,"['defi', 'stablecoin', 'asset-backed-stablecoin', 'ethereum-ecosystem', 'avalanche-ecosystem', 'polygon-ecosystem', 'fantom-ecosystem', 'arbitrum-ecosytem', 'harmony-ecosystem', 'moonriver-ecosystem', 'bnb-chain', 'usd-stablecoin', 'optimism-ecosystem']",,5347888595.7464075,5347888595.7464075,True,,12,,,,2023-08-26T20:46:00.000Z,0.9997168905451322,50418620.60802469,-34.4083,0.02006206,0.01423316,0.0301712,0.04369953,0.0348978,-0.03116112,5346374557.921372,0.5097,5346374557.92,,2023-08-26T20:46:00.000Z,1027.0,Ethereum,ETH,ethereum,0x6b175474e89094c44da98b954eedeac495271d0f,2023-08-26 22:48:02.866918
12,3890,Polygon,MATIC,polygon,824,2019-04-28T00:00:00.000Z,"['pos', 'platform', 'enterprise-solutions', 'zero-knowledge-proofs', 'scaling', 'state-channel', 'coinbase-ventures-portfolio', 'layer-2', 'binance-launchpad', 'binance-labs-portfolio', 'polygon-ecosystem', 'moonriver-ecosystem', 'injective-ecosystem', 'sec-security-token', 'alleged-sec-securities']",10000000000.0,9319469069.28493,10000000000.0,False,,13,,,,2023-08-26T20:46:00.000Z,0.5464217776891983,192751067.10620245,-31.0662,-0.0507489,0.65791,-4.85953623,-23.63851701,-18.00035058,-41.28930732,5092360855.95817,0.4856,5464217776.89,,2023-08-26T20:46:00.000Z,,,,,,2023-08-26 22:48:02.866918
13,11419,Toncoin,TON,toncoin,130,2021-08-26T13:40:22.000Z,"['pos', 'toncoin-ecosystem']",,3431892087.62,5047558528.0,True,,14,3414166606.0,4980491775.672923,,2023-08-26T20:46:00.000Z,1.4587723302431372,22922283.03538977,-24.3625,-0.12439141,2.25299667,9.36235159,10.42551888,3.89096543,-24.19494175,5006349217.800412,0.4773,7363238715.93,,2023-08-26T20:46:00.000Z,,,,,,2023-08-26 22:48:02.866918
14,2,Litecoin,LTC,litecoin,976,2013-04-28T00:00:00.000Z,"['mineable', 'pow', 'scrypt', 'medium-of-exchange']",84000000.0,73584370.47743528,84000000.0,False,,15,,,,2023-08-26T20:46:00.000Z,65.05049622184399,185122480.2701787,-33.31,-0.00629234,0.12372623,1.9264812,-27.78549317,-26.13014182,-28.05665519,4786699813.729172,0.4564,5464241682.63,,2023-08-26T20:46:00.000Z,,,,,,2023-08-26 22:48:02.866918
